ID,Case Number,Date,Block,Description,Location Description,Arrest,Domestic,Beat,District,Ward,Community Area,Year,Updated On,Latitude,Longitude
23060,JA100278,1/1/2017 6:18,046XX W MONROE ST,FIRST DEGREE MURDER,STREET,FALSE,FALSE,1113,11,28,25,2017,1/8/2017 15:48,41.87929064,-87.74159851
23059,JA100252,1/1/2017 5:19,046XX N BROADWAY,FIRST DEGREE MURDER,TAVERN,TRUE,FALSE,1914,19,46,3,2017,4/13/2017 15:51,41.96608155,-87.6579085
23061,JA102602,1/3/2017 12:20,034XX W FULTON BLVD,FIRST DEGREE MURDER,STREET,FALSE,FALSE,1123,11,28,27,2017,1/10/2017 15:59,41.88634071,-87.7119996
23062,JA103468,1/3/2017 23:52,032XX W LEXINGTON ST,FIRST DEGREE MURDER,ALLEY,FALSE,FALSE,1134,11,24,27,2017,1/10/2017 15:59,41.87186844,-87.70661031
23063,JA102602,1/4/2017 0:41,034XX W FULTON BLVD,FIRST DEGREE MURDER,STREET,FALSE,FALSE,1123,11,28,27,2017,1/11/2017 15:52,41.88634071,-87.7119996
23064,JA103468,1/4/2017 5:59,032XX W LEXINGTON ST,FIRST DEGREE MURDER,ALLEY,FALSE,FALSE,1134,11,24,27,2017,1/11/2017 15:52,41.87186844,-87.70661031
23065,JA105744,1/5/2017 23:30,008XX E 46TH ST,FIRST DEGREE MURDER,AUTO,FALSE,FALSE,221,2,4,39,2017,1/12/2017 15:52,41.81136567,-87.60561072
23066,HZ564892,1/6/2017 1:43,086XX S MARYLAND AVE,FIRST DEGREE MURDER,PORCH,FALSE,FALSE,632,6,8,44,2017,1/13/2017 15:54,41.7375811,-87.60363407
23067,JA107083,1/7/2017 10:07,013XX W HASTINGS ST,FIRST DEGREE MURDER,STREET,FALSE,FALSE,1233,12,2,28,2017,1/14/2017 15:49,41.86427335,-87.66023297
23068,JA109075,1/9/2017 10:07,045XX W LEXINGTON ST,FIRST DEGREE MURDER,AUTO,FALSE,FALSE,1131,11,24,26,2017,1/16/2017 15:50,41.87151127,-87.7385237
23069,JA109825,1/9/2017 20:20,016XX N KEYSTONE AVE,FIRST DEGREE MURDER,STREET,FALSE,FALSE,2534,25,30,23,2017,1/16/2017 15:50,41.91032347,-87.7275682
23071,JA107908,1/11/2017 11:45,056XX N WESTERN AVE,FIRST DEGREE MURDER,ALLEY,FALSE,FALSE,2011,20,40,2,2017,1/18/2017 15:50,41.9841633,-87.68946648
23072,JA112290,1/11/2017 18:11,042XX S TALMAN AVE,FIRST DEGREE MURDER,STREET,FALSE,FALSE,921,9,12,58,2017,1/18/2017 15:50,41.8165609,-87.69078116
23074,HZ570917,1/11/2017 12:30,056XX S ALBANY AVE,FIRST DEGREE MURDER,STREET,FALSE,FALSE,824,8,14,63,2017,1/18/2017 15:50,41.79128815,-87.70105192
23073,JA113804,1/12/2017 21:31,027XX S HOMAN AVE,FIRST DEGREE MURDER,STREET,FALSE,FALSE,1032,10,22,30,2017,1/19/2017 15:56,41.84188854,-87.70984255
23076,JA114779,1/13/2017 16:09,006XX N CENTRAL AVE,FIRST DEGREE MURDER,STREET,FALSE,FALSE,1511,15,29,25,2017,1/20/2017 15:50,41.89207771,-87.76528749
23077,JA115261,1/13/2017 22:22,072XX S WASHTENAW AVE,FIRST DEGREE MURDER,AUTO,FALSE,FALSE,831,8,18,66,2017,1/20/2017 15:50,41.76229934,-87.69052009
23083,HZ283873,1/13/2017 21:24,039XX W LEXINGTON ST,FIRST DEGREE MURDER,AUTO,FALSE,FALSE,1132,11,24,26,2017,1/20/2017 15:50,41.87164856,-87.72388372
23078,JA115481,1/14/2017 3:48,060XX S CARPENTER ST,FIRST DEGREE MURDER,APARTMENT,FALSE,FALSE,712,7,16,68,2017,1/21/2017 15:48,41.78442084,-87.65097828
23079,JA115575,1/14/2017 8:34,011XX S FRANCISCO AVE,FIRST DEGREE MURDER,STREET,FALSE,FALSE,1135,11,28,29,2017,1/21/2017 15:48,41.86756963,-87.69837702
23080,JA116238,1/14/2017 19:34,055XX W RICE ST,FIRST DEGREE MURDER,STREET,FALSE,FALSE,1524,15,37,25,2017,1/21/2017 15:48,41.89577168,-87.76422264
23081,JA116520,1/15/2017 2:00,047XX W POLK ST,FIRST DEGREE MURDER,ALLEY,FALSE,FALSE,1131,11,24,25,2017,1/22/2017 15:47,41.87047279,-87.74362209
23082,JA116646,1/15/2017 5:50,026XX W VAN BUREN ST,FIRST DEGREE MURDER,STREET,FALSE,FALSE,1125,11,28,28,2017,1/22/2017 15:47,41.87602804,-87.6920695
23084,JA117533,1/16/2017 2:05,008XX N OAKLEY BLVD,FIRST DEGREE MURDER,STREET,FALSE,FALSE,1212,12,32,24,2017,1/23/2017 15:52,41.8960152,-87.68440237
23085,JA116127,1/16/2017 13:35,004XX S CENTRAL AVE,FIRST DEGREE MURDER,STREET,FALSE,FALSE,1522,15,29,25,2017,1/23/2017 15:52,41.87439334,-87.76464733
23086,JA117836,1/16/2017 12:11,048XX W HUBBARD ST,FIRST DEGREE MURDER,PORCH,FALSE,FALSE,1532,15,28,25,2017,1/23/2017 15:52,41.88867743,-87.74669759
23088,JA119925,1/17/2017 23:42,001XX N CENTRAL AVE,FIRST DEGREE MURDER,STREET,FALSE,FALSE,1523,15,29,25,2017,1/24/2017 15:55,41.88290476,-87.7649501
23087,JA119807,1/18/2017 0:45,000XX W 79TH ST,FIRST DEGREE MURDER,STREET,FALSE,FALSE,623,6,17,44,2017,1/25/2017 15:54,41.75093406,-87.62632502
23090,JA119838,1/18/2017 9:45,051XX S BLACKSTONE AVE,FIRST DEGREE MURDER,STREET,FALSE,FALSE,234,2,4,41,2017,1/25/2017 15:54,41.8018094,-87.59049461
23091,JA120151,1/18/2017 10:12,047XX W FLOURNOY ST,FIRST DEGREE MURDER,STREET,FALSE,FALSE,1131,11,24,25,2017,1/25/2017 15:54,41.87229266,-87.74424056
23106,JA102078,1/2/2017 9:14,025XX N LOWELL AVE,FIRST DEGREE MURDER,STREET,TRUE,FALSE,2524,25,31,20,2017,3/1/2017 15:50,41.92684097,-87.73541563
23092,JA121411,1/19/2017 10:01,071XX S CARPENTER ST,FIRST DEGREE MURDER,STREET,FALSE,FALSE,733,7,17,68,2017,1/26/2017 15:48,41.76417303,-87.65044877
23094,JA122351,1/19/2017 22:13,080XX S BISHOP ST,FIRST DEGREE MURDER,HOUSE,FALSE,FALSE,612,6,21,71,2017,1/26/2017 15:48,41.74772358,-87.6597295
23095,JA120732,1/19/2017 14:28,069XX S GREEN ST,FIRST DEGREE MURDER,STREET,FALSE,FALSE,733,7,17,68,2017,1/26/2017 15:48,41.76829144,-87.64571666
23093,JA122304,1/20/2017 0:30,070XX S STEWART AVE,FIRST DEGREE MURDER,STREET,FALSE,FALSE,731,7,6,69,2017,1/27/2017 15:56,41.76671836,-87.63469996
23096,JA123908,1/21/2017 4:05,039XX W THOMAS ST,FIRST DEGREE MURDER,STREET,FALSE,FALSE,1112,11,27,23,2017,1/28/2017 15:49,41.90085342,-87.72554925
23097,JA124376,1/21/2017 14:09,026XX W MONROE ST,FIRST DEGREE MURDER,AUTO,FALSE,FALSE,1125,11,2,27,2017,1/28/2017 15:49,41.8802005,-87.69277689
23098,JA124638,1/21/2017 21:16,000XX W 104TH PL,FIRST DEGREE MURDER,APARTMENT,TRUE,FALSE,512,5,34,49,2017,1/28/2017 15:49,41.7044172,-87.62442522
23100,JA125217,1/22/2017 7:12,032XX E 91ST ST,FIRST DEGREE MURDER,STREET,TRUE,FALSE,424,4,10,46,2017,1/29/2017 15:49,41.73013272,-87.54620831
23105,JA123914,1/22/2017 4:02,038XX S ST LOUIS AVE,FIRST DEGREE MURDER,STREET,FALSE,FALSE,911,9,12,58,2017,1/29/2017 15:49,41.82375673,-87.71179056
23101,JA126197,1/23/2017 2:25,050XX W MAYPOLE AVE,FIRST DEGREE MURDER,STREET,FALSE,FALSE,1532,15,28,25,2017,1/30/2017 15:53,41.88437505,-87.75112907
23102,JA127038,1/23/2017 16:38,050XX S RIDGEWAY AVE,FIRST DEGREE MURDER,STREET,FALSE,FALSE,821,8,14,62,2017,1/30/2017 15:53,41.80109924,-87.71726154
23103,JA127540,1/23/2017 23:36,016XX W MONROE ST,FIRST DEGREE MURDER,STREET,FALSE,FALSE,1224,12,2,28,2017,1/30/2017 15:53,41.88014352,-87.6682699
23110,JA123411,1/23/2017 13:30,006XX S SACRAMENTO BLVD,FIRST DEGREE MURDER,STREET,FALSE,FALSE,1134,11,28,27,2017,1/30/2017 15:53,41.87351721,-87.70100585
23104,JA128687,1/24/2017 20:14,096XX S WOODLAWN AVE,FIRST DEGREE MURDER,AUTO,FALSE,FALSE,511,5,8,50,2017,1/31/2017 16:08,41.71948295,-87.59470718
23107,JA131142,1/27/2017 0:45,070XX S PRINCETON AVE,FIRST DEGREE MURDER,STREET,FALSE,FALSE,731,7,6,69,2017,2/3/2017 15:57,41.7669779,-87.63225583
23108,JA132464,1/27/2017 20:27,004XX W 129TH PL,FIRST DEGREE MURDER,STREET,FALSE,FALSE,523,5,9,53,2017,2/3/2017 15:57,41.65818839,-87.63330526
23111,JA132726,1/28/2017 2:29,012XX N HALSTED ST,FIRST DEGREE MURDER,GAS STATION,FALSE,FALSE,1822,18,32,8,2017,2/4/2017 15:47,41.90446249,-87.64811831
23112,JA134722,1/29/2017 23:30,035XX W 38TH PL,FIRST DEGREE MURDER,YARD,FALSE,FALSE,911,9,12,58,2017,2/5/2017 15:50,41.82337986,-87.71263804
23113,JA134763,1/30/2017 0:52,085XX S COLFAX AVE,FIRST DEGREE MURDER,HOUSE,FALSE,FALSE,423,4,7,46,2017,2/6/2017 15:54,41.74016053,-87.56118927
23114,JA134482,1/30/2017 15:25,062XX W GRAND AVE,FIRST DEGREE MURDER,ALLEY,FALSE,FALSE,2512,25,29,19,2017,2/6/2017 15:54,41.92154783,-87.78098442
23116,JA137097,1/31/2017 20:02,045XX S PRAIRIE AVE,FIRST DEGREE MURDER,ALLEY,FALSE,FALSE,215,2,3,38,2017,2/7/2017 15:53,41.81219759,-87.61967254
23118,JA139876,2/3/2017 2:23,039XX W FULLERTON AVE,FIRST DEGREE MURDER,AUTO,FALSE,FALSE,2524,25,30,22,2017,2/10/2017 15:51,41.92450846,-87.72498305
23119,JA140613,2/3/2017 18:07,114XX S STEWART AVE,FIRST DEGREE MURDER,ALLEY,FALSE,FALSE,522,5,34,49,2017,2/10/2017 15:51,41.68654917,-87.63252929
23121,JA141127,2/4/2017 4:18,021XX E 97TH ST,FIRST DEGREE MURDER,STREET,FALSE,FALSE,431,4,7,51,2017,2/11/2017 15:54,41.71885661,-87.57231945
23122,JA142966,2/5/2017 22:08,047XX S LEAMINGTON AVE,FIRST DEGREE MURDER,STREET,FALSE,FALSE,814,8,23,56,2017,2/12/2017 15:52,41.80660813,-87.75169065
23123,JA143217,2/6/2017 7:45,025XX W 46TH ST,FIRST DEGREE MURDER,HOUSE,TRUE,FALSE,922,9,12,58,2017,3/10/2017 15:49,41.81020707,-87.68769744
23124,JA143217,2/6/2017 7:45,025XX W 46TH ST,FIRST DEGREE MURDER,HOUSE,TRUE,FALSE,922,9,12,58,2017,3/10/2017 15:49,41.81020707,-87.68769744
10836558,JA138326,2/1/2017 18:37,013XX S KEDZIE AVE,RECKLESS HOMICIDE,STREET,FALSE,FALSE,1022,10,24,29,2017,2/14/2017 15:49,41.86413787,-87.70560282
23125,JA146490,2/8/2017 15:52,002XX N CLINTON ST,FIRST DEGREE MURDER,STREET,TRUE,FALSE,1214,12,42,28,2017,2/15/2017 15:56,41.88624116,-87.64132072
23126,JA148042,2/9/2017 22:10,053XX W FOSTER AVE,FIRST DEGREE MURDER,YARD,FALSE,FALSE,1623,16,45,11,2017,2/16/2017 15:49,41.97518547,-87.76119564
23127,JA149504,2/11/2017 2:43,003XX N LOREL AVE,FIRST DEGREE MURDER,PORCH,FALSE,FALSE,1523,15,28,25,2017,2/18/2017 15:49,41.88625035,-87.75895272
23128,JA149608,2/11/2017 7:05,001XX N MENARD AVE,FIRST DEGREE MURDER,ALLEY,FALSE,FALSE,1512,15,29,25,2017,2/18/2017 15:49,41.88290423,-87.76985258
23129,JA150379,2/11/2017 20:40,001XX N MAYFIELD AVE,FIRST DEGREE MURDER,STREET,FALSE,FALSE,1512,15,29,25,2017,2/18/2017 15:49,41.88271105,-87.77187401
23130,JA150989,2/12/2017 14:30,014XX W 84TH ST,FIRST DEGREE MURDER,AUTO,FALSE,FALSE,614,6,21,71,2017,2/19/2017 15:47,41.74130441,-87.65969033
23131,JA150980,2/12/2017 14:31,074XX S PHILLIPS AVE,FIRST DEGREE MURDER,ALLEY,FALSE,FALSE,334,3,7,43,2017,2/19/2017 15:47,41.75960047,-87.56477174
23145,JA120028,2/9/2017 7:00,035XX W PIERCE AVE,FIRST DEGREE MURDER,HOUSE,TRUE,FALSE,1422,14,26,23,2017,6/8/2017 15:45,41.9090926,-87.71493844
23132,JA150323,2/14/2017 8:17,065XX S DR MARTIN LUTHER KING JR DR,FIRST DEGREE MURDER,PARKING LOT,TRUE,FALSE,312,3,20,42,2017,2/21/2017 16:01,41.77609266,-87.61552327
23133,JA153192,2/14/2017 9:53,041XX W 18TH ST,FIRST DEGREE MURDER,AUTO,FALSE,FALSE,1012,10,24,29,2017,2/21/2017 16:01,41.85698262,-87.7289565
23134,JA153356,2/14/2017 12:38,020XX E 71ST ST,FIRST DEGREE MURDER,RETAIL STORE,FALSE,FALSE,331,3,5,43,2017,2/21/2017 16:01,41.76624788,-87.57562317
23135,JA153462,2/14/2017 14:10,023XX S KENNETH AVE,FIRST DEGREE MURDER,ALLEY,TRUE,FALSE,1013,10,22,29,2017,2/21/2017 16:01,41.84833417,-87.73552696
23136,JA153462,2/14/2017 14:43,023XX S KENNETH AVE,FIRST DEGREE MURDER,ALLEY,TRUE,FALSE,1013,10,22,29,2017,2/21/2017 16:01,41.84833417,-87.73552696
23137,JA153540,2/14/2017 14:55,034XX W WALNUT ST,FIRST DEGREE MURDER,STREET,FALSE,FALSE,1123,11,28,27,2017,2/21/2017 16:01,41.88545279,-87.71222487
23138,JA154257,2/15/2017 4:37,023XX N LAKE SHORE DR SB,FIRST DEGREE MURDER,AUTO,FALSE,FALSE,1814,18,43,7,2017,2/22/2017 15:53,41.92559227,-87.63118341
23139,JA154850,2/15/2017 14:58,039XX S ALBANY AVE,FIRST DEGREE MURDER,HOUSE,TRUE,FALSE,921,9,14,58,2017,2/22/2017 15:53,41.82138182,-87.70202533
23140,JA154850,2/15/2017 14:58,039XX S ALBANY AVE,FIRST DEGREE MURDER,HOUSE,TRUE,FALSE,921,9,14,58,2017,2/22/2017 15:53,41.82138182,-87.70202533
23141,JA155282,2/15/2017 21:18,030XX W MARQUETTE RD,FIRST DEGREE MURDER,ALLEY,FALSE,FALSE,831,8,15,66,2017,2/22/2017 15:53,41.77171965,-87.69974844
23146,JA150297,2/15/2017 15:48,019XX W 57TH ST,FIRST DEGREE MURDER,SCHOOL YARD,FALSE,FALSE,715,7,15,67,2017,2/22/2017 15:53,41.7902842,-87.67332122
23142,JA155936,2/16/2017 17:04,057XX W CHICAGO AVE,FIRST DEGREE MURDER,STREET,FALSE,FALSE,1511,15,29,25,2017,2/23/2017 15:54,41.89478925,-87.76978852
23143,JA155488,2/16/2017 5:58,040XX W MELROSE ST,FIRST DEGREE MURDER,STREET,FALSE,FALSE,1731,17,31,16,2017,2/23/2017 15:54,41.93999555,-87.7278498
23147,JA157521,2/17/2017 17:58,014XX W 71ST PL,FIRST DEGREE MURDER,PORCH,FALSE,FALSE,734,7,17,67,2017,2/24/2017 15:52,41.76405616,-87.6599399
23149,JA158057,2/18/2017 4:43,045XX S WOOD ST,FIRST DEGREE MURDER,STREET,FALSE,FALSE,924,9,20,61,2017,2/25/2017 15:56,41.81174132,-87.66991334
23150,JA158660,2/18/2017 15:33,049XX W VAN BUREN ST,FIRST DEGREE MURDER,AUTO,FALSE,FALSE,1533,15,24,25,2017,2/25/2017 15:56,41.87493606,-87.74813043
23154,JA161320,2/20/2017 21:25,009XX E 132ND ST,FIRST DEGREE MURDER,STREET,FALSE,FALSE,533,5,9,54,2017,2/27/2017 15:56,41.65596736,-87.59886579
23153,JA160296,2/20/2017 7:21,031XX W MADISON ST,FIRST DEGREE MURDER,APARTMENT,TRUE,FALSE,1124,11,28,27,2017,4/14/2017 15:48,41.88099194,-87.70439499
23155,JA161556,2/21/2017 7:03,073XX S MAY ST,FIRST DEGREE MURDER,STREET,FALSE,FALSE,733,7,17,68,2017,2/28/2017 16:05,41.76098159,-87.65279174
23156,JA162627,2/21/2017 21:01,100XX S MICHIGAN AVE,FIRST DEGREE MURDER,STREET,FALSE,FALSE,511,5,9,49,2017,2/28/2017 16:05,41.71151952,-87.61999251
23159,JA162768,2/22/2017 1:31,045XX S COTTAGE GROVE AVE,FIRST DEGREE MURDER,STREET,FALSE,FALSE,221,2,4,39,2017,3/1/2017 15:52,41.81255217,-87.60663173
23160,JA162894,2/22/2017 7:45,027XX S CENTRAL PARK AVE,FIRST DEGREE MURDER,GARAGE,FALSE,FALSE,1032,10,22,30,2017,3/1/2017 15:52,41.84207415,-87.71473275
23162,JA163675,2/22/2017 19:36,009XX E 133RD ST,FIRST DEGREE MURDER,CHA PARKING LOT,FALSE,FALSE,533,5,9,54,2017,3/1/2017 15:52,41.65379241,-87.59778542
23164,JA163789,2/22/2017 21:27,091XX S EMERALD AVE,FIRST DEGREE MURDER,STREET,FALSE,FALSE,2223,22,21,73,2017,3/1/2017 15:52,41.72791516,-87.64217259
23165,JA163756,2/22/2017 21:09,076XX S CHAMPLAIN AVE,FIRST DEGREE MURDER,STREET,FALSE,FALSE,624,6,6,69,2017,3/1/2017 15:52,41.75606768,-87.60898818
23166,JA163756,2/22/2017 21:29,076XX S CHAMPLAIN AVE,FIRST DEGREE MURDER,STREET,FALSE,FALSE,624,6,6,69,2017,3/1/2017 15:52,41.75606768,-87.60898818
23167,JA166401,2/25/2017 1:04,065XX S DREXEL AVE,FIRST DEGREE MURDER,APARTMENT,FALSE,FALSE,321,3,20,42,2017,3/4/2017 15:48,41.77618368,-87.60340196
23168,JA166401,2/25/2017 1:05,065XX S DREXEL AVE,FIRST DEGREE MURDER,APARTMENT,FALSE,FALSE,321,3,20,42,2017,3/4/2017 15:48,41.77618368,-87.60340196
23169,JA167398,2/26/2017 2:27,109XX S MACKINAW AVE,FIRST DEGREE MURDER,STREET,FALSE,FALSE,432,4,10,52,2017,3/5/2017 15:50,41.69648162,-87.54256537
23170,JA167670,2/26/2017 11:15,013XX S KEDZIE AVE,FIRST DEGREE MURDER,STREET,FALSE,FALSE,1022,10,24,29,2017,3/5/2017 15:50,41.86413787,-87.70560282
23173,JA173527,3/3/2017 13:45,073XX S KENWOOD AVE,FIRST DEGREE MURDER,ALLEY,FALSE,FALSE,324,3,5,43,2017,3/10/2017 15:51,41.76162691,-87.5920945
23174,JA174700,3/4/2017 12:33,054XX W OHIO ST,FIRST DEGREE MURDER,STREET,FALSE,FALSE,1523,15,37,25,2017,3/11/2017 15:50,41.89113062,-87.76135137
23175,JA177399,3/6/2017 20:00,064XX S CLAREMONT AVE,FIRST DEGREE MURDER,AUTO,FALSE,FALSE,825,8,15,66,2017,3/13/2017 15:48,41.77695934,-87.68222742
23176,JA177720,3/6/2017 23:57,033XX S CALIFORNIA AVE,FIRST DEGREE MURDER,AUTO,FALSE,FALSE,911,9,12,58,2017,3/13/2017 15:48,41.83264887,-87.69490612
23180,JA176457,3/6/2017 3:26,065XX S BISHOP ST,FIRST DEGREE MURDER,STREET,TRUE,TRUE,725,7,17,67,2017,3/21/2017 15:48,41.77529983,-87.66045653
23177,JA177763,3/7/2017 1:36,013XX W 76TH ST,FIRST DEGREE MURDER,AUTO,FALSE,FALSE,612,6,17,71,2017,3/14/2017 15:58,41.75590621,-87.65770882
23178,JA177779,3/7/2017 3:11,011XX W 76TH ST,FIRST DEGREE MURDER,STREET,FALSE,FALSE,612,6,17,71,2017,3/14/2017 15:58,41.75598067,-87.65219221
23179,JA178212,3/7/2017 13:00,055XX S WELLS ST,FIRST DEGREE MURDER,DRIVEWAY,FALSE,FALSE,711,7,3,68,2017,3/14/2017 15:58,41.79337249,-87.63180692
23181,JA181633,3/10/2017 2:55,001XX E 51ST ST,FIRST DEGREE MURDER,GAS STATION,FALSE,FALSE,231,2,3,40,2017,3/17/2017 15:52,41.8020092,-87.6220632
23182,JA181633,3/10/2017 2:55,001XX E 51ST ST,FIRST DEGREE MURDER,GAS STATION,FALSE,FALSE,231,2,3,40,2017,3/17/2017 15:52,41.8020092,-87.6220632
23192,HZ532169,3/10/2017 20:23,087XX S WOOD ST,FIRST DEGREE MURDER,STREET,FALSE,FALSE,2221,22,21,71,2017,3/17/2017 15:52,41.73517765,-87.66791735
23184,JA182650,3/11/2017 8:52,022XX W 21ST ST,FIRST DEGREE MURDER,STREET,FALSE,FALSE,1234,12,25,31,2017,3/18/2017 15:49,41.85390633,-87.68178161
23185,JA183029,3/11/2017 6:03,005XX E 75TH ST,FIRST DEGREE MURDER,STREET,FALSE,FALSE,624,6,6,69,2017,3/18/2017 15:49,41.75847957,-87.61111249
23186,JA183978,3/11/2017 22:51,095XX S STATE ST,FIRST DEGREE MURDER,STREET,FALSE,FALSE,511,5,21,49,2017,3/18/2017 15:49,41.72112026,-87.62371785
23187,JA184066,3/12/2017 1:33,063XX N BROADWAY,FIRST DEGREE MURDER,STREET,FALSE,FALSE,2433,24,40,77,2017,3/19/2017 15:55,41.99712523,-87.66047188
23188,JA184066,3/12/2017 8:43,063XX N BROADWAY,FIRST DEGREE MURDER,STREET,FALSE,FALSE,2433,24,40,77,2017,3/19/2017 15:55,41.99712523,-87.66047188
23193,JA170048,3/12/2017 7:00,015XX W HASTINGS ST,FIRST DEGREE MURDER,STREET,FALSE,FALSE,1233,12,2,28,2017,3/19/2017 15:55,41.86419512,-87.66516419
23189,JA185074,3/13/2017 16:44,086XX S THROOP ST,FIRST DEGREE MURDER,AUTO,FALSE,FALSE,613,6,21,71,2017,3/20/2017 15:59,41.7370416,-87.65580348
23190,JA185074,3/13/2017 16:44,086XX S THROOP ST,FIRST DEGREE MURDER,AUTO,FALSE,FALSE,613,6,21,71,2017,3/20/2017 15:59,41.7370416,-87.65580348
23191,JA185074,3/13/2017 16:44,086XX S THROOP ST,FIRST DEGREE MURDER,AUTO,FALSE,FALSE,613,6,21,71,2017,3/20/2017 15:59,41.7370416,-87.65580348
23195,JA163824,3/16/2017 15:47,091XX S OGLESBY AVE,FIRST DEGREE MURDER,AUTO,FALSE,FALSE,413,4,7,48,2017,3/23/2017 15:53,41.72917567,-87.56701752
23163,JA163782,2/22/2017 21:00,114XX S ADA ST,FIRST DEGREE MURDER,YARD,TRUE,FALSE,2234,22,34,75,2017,4/20/2017 15:55,41.68549067,-87.65554284
23194,JA189858,3/17/2017 3:00,038XX W CHICAGO AVE,FIRST DEGREE MURDER,STREET,FALSE,FALSE,1112,11,27,23,2017,3/24/2017 15:51,41.89540953,-87.72154223
23196,JA190689,3/17/2017 17:49,071XX S TALMAN AVE,FIRST DEGREE MURDER,ALLEY,FALSE,FALSE,831,8,18,66,2017,3/24/2017 15:51,41.76373347,-87.6893365
23197,JA192098,3/18/2017 23:51,056XX S ELIZABETH ST,FIRST DEGREE MURDER,YARD,TRUE,FALSE,713,7,16,67,2017,3/25/2017 15:46,41.79183561,-87.65602985
23198,JA193976,3/20/2017 17:00,000XX E 113TH PL,FIRST DEGREE MURDER,STREET,FALSE,FALSE,531,5,9,49,2017,3/27/2017 15:52,41.68806427,-87.62229094
23200,JA190384,3/22/2017 17:04,102XX S CALUMET AVE,FIRST DEGREE MURDER,STREET,FALSE,FALSE,511,5,9,49,2017,3/29/2017 15:52,41.70840116,-87.61501696
23199,JA198985,3/24/2017 17:39,066XX S LAFLIN ST,FIRST DEGREE MURDER,PORCH,FALSE,FALSE,725,7,17,67,2017,3/31/2017 15:54,41.77327581,-87.66161048
23201,JA200190,3/25/2017 15:24,049XX W HUBBARD ST,FIRST DEGREE MURDER,STREET,FALSE,FALSE,1532,15,28,25,2017,4/1/2017 15:52,41.88865746,-87.7492392
23202,JA200746,3/26/2017 6:15,009XX W 76TH ST,FIRST DEGREE MURDER,HOUSE,FALSE,FALSE,621,6,17,71,2017,4/2/2017 15:54,41.75606201,-87.64695405
23203,JA205542,3/30/2017 3:40,079XX S PHILLIPS AVE,FIRST DEGREE MURDER,STREET,FALSE,FALSE,422,4,7,46,2017,4/6/2017 15:56,41.75135547,-87.56501303
23204,JA205299,3/30/2017 14:25,051XX W CHICAGO AVE,FIRST DEGREE MURDER,AUTO,FALSE,FALSE,1531,15,37,25,2017,4/6/2017 15:56,41.89494596,-87.75494476
23206,JA205263,3/30/2017 3:58,110XX S EDBROOKE AVE,FIRST DEGREE MURDER,STREET,FALSE,FALSE,513,5,9,49,2017,4/6/2017 15:56,41.69374695,-87.61950056
23207,JA206252,3/30/2017 4:32,027XX E 75TH ST,FIRST DEGREE MURDER,RESTAURANT,TRUE,FALSE,334,3,7,43,2017,4/6/2017 15:56,41.76008039,-87.55818693
23208,JA206252,3/30/2017 16:32,027XX E 75TH ST,FIRST DEGREE MURDER,RESTAURANT,TRUE,FALSE,334,3,7,43,2017,4/6/2017 15:56,41.76008039,-87.55818693
23209,JA206252,3/30/2017 16:32,027XX E 75TH ST,FIRST DEGREE MURDER,RESTAURANT,TRUE,FALSE,334,3,7,43,2017,4/6/2017 15:56,41.76008039,-87.55818693
23210,JA206252,3/30/2017 16:32,027XX E 75TH ST,FIRST DEGREE MURDER,RESTAURANT,TRUE,FALSE,334,3,7,43,2017,4/6/2017 15:56,41.76008039,-87.55818693
23205,JA205999,3/30/2017 12:27,075XX S LUELLA AVE,FIRST DEGREE MURDER,HOUSE,FALSE,TRUE,414,4,7,43,2017,6/23/2017 15:50,41.75845817,-87.57002285
23211,JA206745,3/31/2017 1:50,070XX S SOUTH SHORE DR,FIRST DEGREE MURDER,AUTO,FALSE,FALSE,331,3,5,43,2017,4/7/2017 15:54,41.7668239,-87.56648168
23212,JA206745,3/31/2017 1:49,070XX S SOUTH SHORE DR,FIRST DEGREE MURDER,AUTO,FALSE,FALSE,331,3,5,43,2017,4/7/2017 15:54,41.7668239,-87.56648168
23213,JA198984,3/31/2017 3:20,017XX W 72ND ST,FIRST DEGREE MURDER,STREET,FALSE,FALSE,735,7,17,67,2017,4/7/2017 15:54,41.7630561,-87.66680467
23215,JA207586,3/31/2017 17:12,087XX S SAGINAW AVE,FIRST DEGREE MURDER,STREET,FALSE,FALSE,423,4,7,46,2017,4/7/2017 15:54,41.73659676,-87.55971877
23217,JA208230,4/1/2017 7:09,117XX S NORMAL AVE,FIRST DEGREE MURDER,APARTMENT,FALSE,FALSE,524,5,34,53,2017,4/8/2017 15:49,41.6808875,-87.63476521
23218,JA209253,4/2/2017 0:33,052XX W CHICAGO AVE,FIRST DEGREE MURDER,STREET,FALSE,FALSE,1524,15,28,25,2017,4/9/2017 15:57,41.894925,-87.75623415
23219,JA209299,4/2/2017 1:04,085XX S PEORIA ST,FIRST DEGREE MURDER,ALLEY,FALSE,FALSE,613,6,21,71,2017,4/9/2017 15:57,41.73884477,-87.64612615
23221,JA209975,4/2/2017 17:02,035XX W VAN BUREN ST,FIRST DEGREE MURDER,STREET,FALSE,FALSE,1133,11,28,27,2017,4/9/2017 15:57,41.8754072,-87.71446282
23222,JA209975,4/2/2017 17:02,035XX W VAN BUREN ST,FIRST DEGREE MURDER,STREET,FALSE,FALSE,1133,11,28,27,2017,4/9/2017 15:57,41.8754072,-87.71446282
23220,JA209712,4/2/2017 13:15,083XX S ADA ST,FIRST DEGREE MURDER,AUTO,TRUE,FALSE,613,6,21,71,2017,4/15/2017 15:51,41.74242572,-87.65716494
23223,JA208557,4/3/2017 9:45,021XX N TRIPP AVE,FIRST DEGREE MURDER,ALLEY,FALSE,FALSE,2522,25,30,20,2017,4/10/2017 15:50,41.91978541,-87.73275879
23224,JA210752,4/3/2017 12:34,013XX S KARLOV AVE,FIRST DEGREE MURDER,APARTMENT,FALSE,TRUE,1011,10,24,29,2017,4/10/2017 15:50,41.86331157,-87.72752389
23225,JA212856,4/4/2017 23:21,056XX S ELIZABETH ST,FIRST DEGREE MURDER,ALLEY,FALSE,FALSE,713,7,16,67,2017,4/11/2017 15:57,41.79183561,-87.65602985
23226,JA213482,4/5/2017 15:40,013XX S LAWNDALE AVE,FIRST DEGREE MURDER,STREET,FALSE,FALSE,1011,10,24,29,2017,4/12/2017 15:51,41.86379767,-87.71778706
23238,G647504,2/11/2017 18:32,011XX W 51ST ST,FIRST DEGREE MURDER,STREET,FALSE,FALSE,933,9,16,61,2017,4/13/2017 15:51,41.80145849,-87.65441013
23228,JA215999,4/7/2017 14:13,003XX N CENTRAL AVE,FIRST DEGREE MURDER,STREET,FALSE,FALSE,1512,15,29,25,2017,4/14/2017 15:50,41.88675567,-87.76509592
23229,JA216466,4/7/2017 19:12,049XX S KOSTNER AVE,FIRST DEGREE MURDER,STREET,FALSE,FALSE,815,8,23,57,2017,4/14/2017 15:50,41.80337655,-87.73324928
23234,JA215572,4/7/2017 6:35,050XX N OAK PARK AVE,FIRST DEGREE MURDER,HOUSE,FALSE,FALSE,1613,16,41,10,2017,4/14/2017 15:50,41.97253017,-87.79665486
23230,JA217533,4/8/2017 19:03,012XX W 81ST ST,FIRST DEGREE MURDER,STREET,FALSE,FALSE,613,6,21,71,2017,4/15/2017 15:52,41.74684459,-87.65446183
23231,JA218894,4/9/2017 19:30,131XX S LANGLEY AVE,FIRST DEGREE MURDER,CHA PARKING LOT,FALSE,FALSE,533,5,9,54,2017,4/16/2017 15:50,41.65665763,-87.6051301
23232,JA218923,4/9/2017 21:07,107XX S GREEN BAY AVE,FIRST DEGREE MURDER,STREET,FALSE,FALSE,432,4,10,52,2017,4/16/2017 15:50,41.70003533,-87.54134273
23233,JA218120,4/9/2017 6:39,048XX N ROCKWELL ST,FIRST DEGREE MURDER,STREET,FALSE,FALSE,2031,20,47,4,2017,4/16/2017 15:50,41.96907254,-87.69381415
23227,JA214860,4/6/2017 17:06,023XX E 83RD ST,FIRST DEGREE MURDER,STREET,TRUE,FALSE,412,4,8,46,2017,4/17/2017 16:05,41.74443402,-87.56825421
23241,JA154850,2/15/2017 15:27,039XX S ALBANY AVE,FIRST DEGREE MURDER,HOUSE,TRUE,FALSE,921,9,14,58,2017,4/17/2017 16:05,41.82138182,-87.70202533
23237,JA220249,4/10/2017 22:20,111XX S INDIANA AVE,FIRST DEGREE MURDER,ALLEY,FALSE,FALSE,531,5,9,49,2017,4/17/2017 16:10,41.69167544,-87.61824931
23236,JA219986,4/10/2017 20:25,116XX S BISHOP ST,FIRST DEGREE MURDER,STREET,TRUE,FALSE,524,5,34,53,2017,7/1/2017 15:45,41.6825598,-87.65788725
23235,JA219211,4/10/2017 5:33,094XX S FOREST AVE,FIRST DEGREE MURDER,YARD,TRUE,TRUE,633,6,6,49,2017,4/18/2017 15:57,41.72282963,-87.61658893
23239,JA219528,4/11/2017 14:59,043XX W 15TH ST,FIRST DEGREE MURDER,STREET,TRUE,FALSE,1011,10,24,29,2017,6/24/2017 15:47,41.860582,-87.73293498
23240,JA221874,4/12/2017 13:04,054XX W KAMERLING AVE,FIRST DEGREE MURDER,AUTO,FALSE,FALSE,2532,25,37,25,2017,4/19/2017 15:53,41.90489776,-87.76175749
23148,JA158021,2/18/2017 3:00,050XX S ASHLAND AVE,FIRST DEGREE MURDER,CLUB,TRUE,FALSE,933,9,16,61,2017,4/20/2017 15:55,41.80242504,-87.66480139
23242,JA226662,4/16/2017 2:57,013XX S FAIRFIELD AVE,FIRST DEGREE MURDER,STREET,FALSE,FALSE,1023,10,28,29,2017,4/23/2017 15:49,41.8634979,-87.69455159
23243,JA227655,4/17/2017 3:53,002XX W GARFIELD BLVD,FIRST DEGREE MURDER,STREET,TRUE,FALSE,935,9,3,37,2017,4/24/2017 15:57,41.79453381,-87.63143854
23244,JA228030,4/17/2017 11:53,070XX S CHAPPEL AVE,FIRST DEGREE MURDER,STREET,TRUE,FALSE,331,3,5,43,2017,4/25/2017 15:53,41.76680972,-87.57509604
23245,JA229146,4/18/2017 8:30,051XX S HALSTED ST,FIRST DEGREE MURDER,GAS STATION,FALSE,FALSE,935,9,3,61,2017,4/25/2017 15:55,41.80135513,-87.64534128
23246,JA229146,4/18/2017 8:30,051XX S HALSTED ST,FIRST DEGREE MURDER,GAS STATION,FALSE,FALSE,935,9,3,61,2017,4/25/2017 15:55,41.80135513,-87.64534128
23251,HZ297062,4/18/2017 8:00,015XX S ALBANY AVE,FIRST DEGREE MURDER,NURSING HOME,TRUE,FALSE,1022,10,24,29,2017,5/6/2017 15:49,41.85983691,-87.70296877
23247,JA230334,4/19/2017 0:13,107XX S INDIANA AVE,FIRST DEGREE MURDER,STREET,FALSE,FALSE,513,5,9,49,2017,4/26/2017 15:52,41.69930032,-87.61843216
23250,JA234229,4/21/2017 22:42,059XX S PAULINA ST,FIRST DEGREE MURDER,AUTO,FALSE,FALSE,714,7,15,67,2017,4/28/2017 15:58,41.78605879,-87.6668048
23249,JA233976,4/21/2017 19:30,065XX S DR MARTIN LUTHER KING JR DR,FIRST DEGREE MURDER,CHA HALLWAY,TRUE,FALSE,312,3,20,69,2017,8/11/2017 15:52,41.77601854,-87.61552043
23252,JA235159,4/22/2017 21:13,028XX E 76TH ST,FIRST DEGREE MURDER,STREET,FALSE,FALSE,421,4,7,43,2017,4/29/2017 15:49,41.7582656,-87.55644217
23253,JA236412,4/23/2017 20:33,007XX N SACRAMENTO BLVD,FIRST DEGREE MURDER,STREET,FALSE,FALSE,1221,12,27,23,2017,4/30/2017 15:50,41.89510995,-87.70218863
23254,JA235987,4/23/2017 13:06,097XX S YALE AVE,FIRST DEGREE MURDER,STREET,FALSE,FALSE,511,5,21,49,2017,4/30/2017 15:50,41.71714248,-87.62976127
23255,JA236366,4/23/2017 19:59,002XX W 61ST PL,FIRST DEGREE MURDER,STREET,FALSE,FALSE,711,7,20,68,2017,4/30/2017 15:50,41.78258406,-87.63215185
23256,JA235961,4/23/2017 14:00,004XX E GARFIELD BLVD,FIRST DEGREE MURDER,AUTO,FALSE,FALSE,233,2,20,40,2017,4/30/2017 15:50,41.79449891,-87.61557463
23257,JA237245,4/24/2017 15:07,069XX S DORCHESTER AVE,FIRST DEGREE MURDER,PORCH,FALSE,FALSE,321,3,5,43,2017,5/1/2017 15:53,41.768448,-87.59105557
23259,JA237720,4/24/2017 19:32,029XX W WASHINGTON BLVD,FIRST DEGREE MURDER,AUTO,FALSE,FALSE,1222,12,2,27,2017,5/1/2017 15:53,41.88286083,-87.69991121
23258,JA237710,4/24/2017 20:00,069XX S HONORE ST,FIRST DEGREE MURDER,STREET,TRUE,FALSE,735,7,17,67,2017,5/13/2017 15:46,41.76791813,-87.66997282
23260,JA238126,4/25/2017 7:00,014XX W JONQUIL TER,FIRST DEGREE MURDER,STAIRWELL,FALSE,FALSE,2422,24,49,1,2017,5/2/2017 15:50,42.02112688,-87.66723333
23261,JA241596,4/27/2017 17:15,084XX S PAXTON AVE,FIRST DEGREE MURDER,PORCH,FALSE,FALSE,412,4,8,46,2017,5/4/2017 15:57,41.74209186,-87.57095322
23262,JA242521,4/28/2017 11:30,002XX S KILPATRICK AVE,FIRST DEGREE MURDER,STREET,FALSE,FALSE,1113,11,28,25,2017,5/5/2017 15:50,41.87767459,-87.74272602
23263,JA243152,4/28/2017 19:36,006XX N LOREL AVE,FIRST DEGREE MURDER,STREET,FALSE,FALSE,1524,15,37,25,2017,5/5/2017 15:50,41.89167157,-87.75922001
23264,JA243423,4/28/2017 23:22,025XX N KOSTNER AVE,FIRST DEGREE MURDER,AUTO,FALSE,FALSE,2524,25,31,20,2017,5/5/2017 15:50,41.92623271,-87.73665602
23265,JA243044,4/28/2017 17:30,096XX S WENTWORTH AVE,FIRST DEGREE MURDER,AUTO,FALSE,FALSE,511,5,21,49,2017,5/5/2017 15:50,41.71886426,-87.628596
23266,JA241882,4/29/2017 16:09,049XX W GEORGE ST,FIRST DEGREE MURDER,ALLEY,FALSE,FALSE,2521,25,31,19,2017,5/6/2017 15:51,41.93331482,-87.74986097
23267,JA245787,5/1/2017 2:21,027XX W 51ST ST,FIRST DEGREE MURDER,STREET,FALSE,FALSE,923,9,14,63,2017,5/8/2017 16:02,41.801003,-87.69313716
23268,JA251972,5/5/2017 16:51,045XX S DREXEL BLVD,FIRST DEGREE MURDER,APARTMENT,FALSE,FALSE,222,2,4,39,2017,5/12/2017 15:47,41.81251053,-87.60395807
23269,JA253847,5/7/2017 4:42,025XX W 46TH PL,FIRST DEGREE MURDER,STREET,FALSE,FALSE,922,9,12,58,2017,5/14/2017 15:48,41.809291,-87.68827885
23270,JA253804,5/7/2017 5:04,071XX W DIVERSEY AVE,FIRST DEGREE MURDER,RESTAURANT,FALSE,FALSE,2511,25,36,18,2017,5/14/2017 15:48,41.93076129,-87.80572224
23271,JA254461,5/7/2017 17:25,025XX W 46TH PL,FIRST DEGREE MURDER,STREET,FALSE,FALSE,922,9,12,58,2017,5/14/2017 15:48,41.80929088,-87.68825684
23272,JA254461,5/7/2017 17:45,025XX W 46TH PL,FIRST DEGREE MURDER,STREET,FALSE,FALSE,922,9,12,58,2017,5/14/2017 15:48,41.80929088,-87.68825684
23279,JA253691,5/7/2017 0:19,048XX S LA CROSSE AVE,FIRST DEGREE MURDER,STREET,FALSE,FALSE,814,8,23,56,2017,5/15/2017 15:51,41.8044491,-87.74429394
23273,JA255920,5/8/2017 19:56,054XX S INDIANA AVE,FIRST DEGREE MURDER,STREET,TRUE,FALSE,231,2,3,40,2017,7/21/2017 15:50,41.79571192,-87.62087129
23274,JA256637,5/9/2017 13:22,023XX E 95TH ST,FIRST DEGREE MURDER,STREET,FALSE,FALSE,431,4,7,51,2017,5/16/2017 15:52,41.72257252,-87.56696778
23275,JA257447,5/9/2017 22:30,092XX S CHAPPEL AVE,FIRST DEGREE MURDER,YARD,FALSE,FALSE,413,4,8,48,2017,5/16/2017 15:52,41.72736861,-87.57426317
23276,JA257711,5/10/2017 9:28,012XX S INDEPENDENCE BLVD,FIRST DEGREE MURDER,STREET,FALSE,FALSE,1011,10,24,29,2017,5/17/2017 15:52,41.86523975,-87.72008978
23277,JA258188,5/10/2017 15:11,038XX W OGDEN AVE,FIRST DEGREE MURDER,STREET,FALSE,FALSE,1014,10,24,29,2017,5/17/2017 15:52,41.85219792,-87.72142563
23278,JA124851,5/10/2017 22:06,003XX S CALIFORNIA AVE,FIRST DEGREE MURDER,STREET,FALSE,FALSE,1125,11,2,27,2017,5/17/2017 15:52,41.87699768,-87.69617969
23280,JA259689,5/11/2017 17:35,011XX N LONG AVE,FIRST DEGREE MURDER,STREET,FALSE,FALSE,1524,15,37,25,2017,5/18/2017 15:53,41.9015646,-87.76087623
23281,JA260171,5/12/2017 1:57,101XX S LA SALLE ST,FIRST DEGREE MURDER,STREET,FALSE,FALSE,511,5,9,49,2017,5/19/2017 15:52,41.70995576,-87.62718441
23282,JA260250,5/12/2017 2:52,001XX N CALIFORNIA AVE,FIRST DEGREE MURDER,AUTO,FALSE,FALSE,1222,12,2,27,2017,5/19/2017 15:52,41.88327469,-87.69634502
23283,JA261596,5/12/2017 23:10,114XX S MAY ST,FIRST DEGREE MURDER,STREET,TRUE,FALSE,2234,22,34,75,2017,5/19/2017 15:52,41.68559364,-87.65068361
23284,JA262620,5/13/2017 20:55,000XX W 105TH ST,FIRST DEGREE MURDER,ALLEY,FALSE,FALSE,512,5,34,49,2017,5/20/2017 15:49,41.70351191,-87.624036
23285,JA263317,5/14/2017 12:55,061XX S EBERHART AVE,FIRST DEGREE MURDER,STREET,FALSE,FALSE,313,3,20,42,2017,5/21/2017 15:55,41.78293376,-87.61326538
23286,JA263411,5/14/2017 14:58,106XX S PARNELL AVE,FIRST DEGREE MURDER,AUTO,FALSE,FALSE,2233,22,34,49,2017,5/21/2017 15:55,41.70087186,-87.63659594
23287,JA263441,5/14/2017 17:06,073XX S UNION AVE,FIRST DEGREE MURDER,STREET,FALSE,FALSE,732,7,17,68,2017,5/21/2017 15:55,41.76099868,-87.64186533
23288,JA262932,5/14/2017 3:09,000XX S CICERO AVE,FIRST DEGREE MURDER,STREET,FALSE,FALSE,1113,11,28,25,2017,5/21/2017 15:55,41.88020959,-87.74526581
23289,JA262932,5/14/2017 4:00,000XX S CICERO AVE,FIRST DEGREE MURDER,AUTO,FALSE,FALSE,1113,11,28,25,2017,5/21/2017 15:55,41.88020959,-87.74526581
23290,JA264479,5/15/2017 11:56,005XX E 92ND ST,FIRST DEGREE MURDER,APARTMENT,FALSE,FALSE,633,6,6,44,2017,5/22/2017 15:58,41.72743088,-87.61073867
23291,JA265862,5/16/2017 11:36,011XX S KARLOV AVE,FIRST DEGREE MURDER,STREET,FALSE,FALSE,1132,11,24,29,2017,5/23/2017 15:50,41.86674249,-87.72763836
23292,JA266961,5/17/2017 1:59,066XX S CARPENTER ST,FIRST DEGREE MURDER,STREET,FALSE,FALSE,724,7,17,68,2017,5/24/2017 15:52,41.77330476,-87.65069286
23293,JA267031,5/17/2017 4:15,097XX S MORGAN ST,FIRST DEGREE MURDER,AUTO,FALSE,FALSE,2223,22,21,73,2017,5/24/2017 15:52,41.71712073,-87.64795827
23294,JA268203,5/17/2017 20:35,102XX S STATE ST,FIRST DEGREE MURDER,STREET,FALSE,FALSE,511,5,9,49,2017,5/24/2017 15:52,41.70777624,-87.62353501
23298,JA265489,5/17/2017 1:19,051XX W MADISON ST,FIRST DEGREE MURDER,STREET,FALSE,FALSE,1533,15,28,25,2017,5/24/2017 15:52,41.88038608,-87.75407359
23295,JA267930,5/17/2017 20:54,003XX N LATROBE AVE,FIRST DEGREE MURDER,STREET,TRUE,FALSE,1523,15,28,25,2017,6/25/2017 15:49,41.88623259,-87.75650336
23296,JA269614,5/18/2017 19:17,069XX S INDIANA AVE,FIRST DEGREE MURDER,STREET,FALSE,FALSE,322,3,6,69,2017,5/25/2017 15:51,41.76810558,-87.62017976
23297,JA269803,5/18/2017 21:04,027XX S STATE ST,FIRST DEGREE MURDER,CHA PARKING LOT,FALSE,FALSE,133,1,3,35,2017,5/25/2017 15:51,41.84392222,-87.6269207
23300,JA271569,5/20/2017 15:45,041XX N ST LOUIS AVE,FIRST DEGREE MURDER,STREET,FALSE,FALSE,1723,17,33,16,2017,5/27/2017 15:52,41.95628221,-87.71543833
23299,JA271504,5/20/2017 0:59,080XX S ESSEX AVE,FIRST DEGREE MURDER,APARTMENT,TRUE,TRUE,422,4,7,46,2017,6/10/2017 15:47,41.74923399,-87.56376304
23303,JA273232,5/21/2017 14:52,001XX N PARKSIDE AVE,FIRST DEGREE MURDER,YARD,FALSE,FALSE,1512,15,29,25,2017,5/28/2017 15:48,41.88334659,-87.76661708
23301,JA272665,5/21/2017 1:53,049XX W HUBBARD ST,FIRST DEGREE MURDER,STREET,FALSE,FALSE,1532,15,28,25,2017,6/27/2017 15:49,41.88866067,-87.74879112
23302,JA273778,5/22/2017 0:08,004XX E 79TH ST,FIRST DEGREE MURDER,ALLEY,FALSE,FALSE,624,6,6,69,2017,5/29/2017 15:53,41.75114901,-87.61321394
23304,JA274251,5/22/2017 12:10,084XX S HERMITAGE AVE,FIRST DEGREE MURDER,STREET,FALSE,FALSE,614,6,18,71,2017,5/29/2017 15:53,41.74046789,-87.66683312
23305,JA275021,5/22/2017 23:55,002XX W 59TH ST,FIRST DEGREE MURDER,AUTO,FALSE,FALSE,232,2,20,68,2017,5/29/2017 15:53,41.78725499,-87.63038124
23306,JA005060,5/23/2017 2:30,098XX S AVENUE H,FIRST DEGREE MURDER,AUTO,FALSE,FALSE,432,4,10,52,2017,5/30/2017 15:50,41.71709293,-87.53287009
23307,JA276477,5/23/2017 20:29,007XX W MARQUETTE RD,FIRST DEGREE MURDER,PORCH,TRUE,FALSE,723,7,6,68,2017,6/9/2017 15:55,41.77250083,-87.64291125
23309,JA277952,5/24/2017 22:11,027XX E 77TH ST,FIRST DEGREE MURDER,STREET,FALSE,FALSE,421,4,7,43,2017,5/31/2017 15:53,41.7554615,-87.55815088
23310,JA278250,5/25/2017 7:50,082XX S ESCANABA AVE,FIRST DEGREE MURDER,AUTO,FALSE,FALSE,423,4,7,46,2017,6/1/2017 15:53,41.74594912,-87.55399993
23311,JA278538,5/25/2017 12:45,065XX S LAFLIN ST,FIRST DEGREE MURDER,APARTMENT,TRUE,FALSE,725,7,17,67,2017,6/1/2017 15:53,41.77489244,-87.66165227
23312,JA278712,5/25/2017 15:28,081XX S KIMBARK AVE,FIRST DEGREE MURDER,STREET,FALSE,FALSE,411,4,8,45,2017,6/1/2017 15:53,41.74685709,-87.59294602
23313,JA270280,5/27/2017 17:18,031XX W 13TH ST,FIRST DEGREE MURDER,STREET,FALSE,FALSE,1022,10,24,29,2017,6/3/2017 15:49,41.86458161,-87.70494867
23315,JA277236,5/27/2017 14:23,026XX W 54TH ST,FIRST DEGREE MURDER,STREET,FALSE,FALSE,923,9,14,63,2017,6/3/2017 15:49,41.79557654,-87.69049939
23328,JA189938,3/16/2017 7:50,029XX N HAMLIN AVE,FIRST DEGREE MURDER,GANGWAY,FALSE,TRUE,2523,25,30,21,2017,7/3/2017 15:46,,
23314,JA282893,5/28/2017 18:41,016XX S ST LOUIS AVE,FIRST DEGREE MURDER,STREET,TRUE,FALSE,1021,10,24,29,2017,6/18/2017 15:49,41.85818598,-87.71274575
23316,JA283507,5/29/2017 10:56,029XX S STATE ST,FIRST DEGREE MURDER,APARTMENT,FALSE,TRUE,133,1,3,35,2017,6/5/2017 15:59,41.84110344,-87.62685262
23317,JA283661,5/29/2017 13:45,017XX N NARRAGANSETT AVE,FIRST DEGREE MURDER,APARTMENT,TRUE,TRUE,2513,25,36,25,2017,6/5/2017 15:59,41.91146865,-87.78507587
23318,JA283955,5/29/2017 17:42,098XX S WALLACE ST,FIRST DEGREE MURDER,PARK PROPERTY,FALSE,FALSE,2223,22,21,73,2017,6/5/2017 15:59,41.71563809,-87.63824586
23319,JA284228,5/29/2017 21:49,069XX S HARVARD AVE,FIRST DEGREE MURDER,STREET,FALSE,FALSE,731,7,6,68,2017,6/5/2017 15:59,41.76839075,-87.63353078
23320,JA284486,5/30/2017 3:54,057XX S PRAIRIE AVE,FIRST DEGREE MURDER,STREET,FALSE,FALSE,232,2,20,40,2017,6/6/2017 15:48,41.79036611,-87.61911168
23321,JA285752,5/30/2017 20:54,010XX W 103RD ST,FIRST DEGREE MURDER,ALLEY,FALSE,FALSE,2232,22,34,73,2017,6/6/2017 15:48,41.70686581,-87.64852131
23322,JA285763,5/30/2017 21:22,027XX W GLADYS AVE,FIRST DEGREE MURDER,AUTO,FALSE,FALSE,1125,11,2,27,2017,6/6/2017 15:48,41.87672491,-87.69450067
23323,JA277273,5/30/2017 20:07,060XX S FAIRFIELD AVE,FIRST DEGREE MURDER,APARTMENT,FALSE,FALSE,825,8,15,66,2017,6/6/2017 15:48,41.78371756,-87.69230083
23324,JA287184,5/31/2017 21:20,088XX S HOUSTON AVE,FIRST DEGREE MURDER,STREET,FALSE,FALSE,424,4,10,46,2017,6/7/2017 15:51,41.73511754,-87.54999079
23325,JA288387,6/1/2017 17:57,051XX S PRAIRIE AVE,FIRST DEGREE MURDER,STREET,FALSE,FALSE,231,2,3,40,2017,6/8/2017 15:47,41.80154807,-87.61939462
23326,JA288456,6/1/2017 19:02,011XX N HAMLIN AVE,FIRST DEGREE MURDER,STREET,FALSE,FALSE,1112,11,27,23,2017,6/8/2017 15:47,41.90162444,-87.72139475
23327,JA284350,6/1/2017 17:39,015XX E 74TH ST,FIRST DEGREE MURDER,STREET,FALSE,FALSE,324,3,5,43,2017,6/8/2017 15:47,41.76057887,-87.58747368
23330,JA289620,6/2/2017 15:51,002XX W 95TH ST,FIRST DEGREE MURDER,PARK PROPERTY,FALSE,FALSE,634,6,21,49,2017,6/9/2017 15:57,41.72163541,-87.63028736
23329,JA289444,6/2/2017 13:45,078XX S CHAMPLAIN AVE,FIRST DEGREE MURDER,HALLWAY,TRUE,FALSE,624,6,6,69,2017,7/22/2017 15:50,41.75227175,-87.60889892
23332,JA290857,6/3/2017 19:42,054XX W CORTEZ ST,FIRST DEGREE MURDER,STREET,FALSE,FALSE,1524,15,37,25,2017,6/10/2017 15:49,41.8994399,-87.76239755
23333,JA288087,6/3/2017 20:00,055XX W CONGRESS PKWY,FIRST DEGREE MURDER,PORCH,FALSE,FALSE,1522,15,29,25,2017,6/10/2017 15:49,41.87384911,-87.76281261
23331,JA290782,6/3/2017 12:37,061XX S THROOP ST,FIRST DEGREE MURDER,STREET,TRUE,FALSE,713,7,16,67,2017,6/14/2017 15:53,41.78224798,-87.65711704
23335,JA291720,6/4/2017 3:55,002XX N LEAVITT ST,FIRST DEGREE MURDER,STREET,FALSE,FALSE,1223,12,27,28,2017,6/11/2017 15:48,41.88511312,-87.68163356
23336,JA291724,6/4/2017 7:04,018XX W MAYPOLE AVE,FIRST DEGREE MURDER,PARKING LOT,TRUE,FALSE,1223,12,27,28,2017,7/13/2017 15:51,41.8841519,-87.67285913
23337,JA292115,6/4/2017 12:26,025XX W LYNDALE ST,FIRST DEGREE MURDER,STREET,TRUE,TRUE,1431,14,1,22,2017,7/20/2017 15:53,41.92244095,-87.69200182
23339,JA294091,6/5/2017 19:34,041XX W POTOMAC AVE,FIRST DEGREE MURDER,STREET,FALSE,FALSE,2534,25,37,23,2017,6/12/2017 15:54,41.904417,-87.73000813
23340,JA294107,6/5/2017 19:58,044XX S SHIELDS AVE,FIRST DEGREE MURDER,STREET,FALSE,FALSE,925,9,3,37,2017,6/12/2017 15:54,41.81334884,-87.63462997
23338,JA293479,6/5/2017 13:12,089XX S COTTAGE GROVE AVE,FIRST DEGREE MURDER,STREET,FALSE,FALSE,633,6,8,44,2017,6/13/2017 15:50,41.73179465,-87.6047034
23341,JA295090,6/6/2017 15:51,058XX S SHIELDS AVE,FIRST DEGREE MURDER,STREET,FALSE,FALSE,711,7,20,68,2017,6/13/2017 15:52,41.78801005,-87.63403981
23342,JA295735,6/6/2017 22:02,079XX S WABASH AVE,FIRST DEGREE MURDER,STREET,FALSE,FALSE,623,6,6,44,2017,6/13/2017 15:52,41.75024379,-87.62297575
23343,JA296110,6/7/2017 9:20,012XX S LAWNDALE AVE,FIRST DEGREE MURDER,STREET,FALSE,FALSE,1011,10,24,29,2017,6/14/2017 15:55,41.86547466,-87.71783338
23344,JA296110,6/7/2017 9:32,012XX S LAWNDALE AVE,FIRST DEGREE MURDER,STREET,FALSE,FALSE,1011,10,24,29,2017,6/14/2017 15:55,41.86547466,-87.71783338
23345,JA296790,6/7/2017 18:33,018XX E 79TH ST,FIRST DEGREE MURDER,AUTO,FALSE,FALSE,414,4,8,46,2017,6/14/2017 15:55,41.75154687,-87.58066287
23346,JA298661,6/8/2017 22:23,062XX S INGLESIDE AVE,FIRST DEGREE MURDER,PARKING LOT,FALSE,FALSE,313,3,20,42,2017,6/15/2017 15:50,41.7816157,-87.60270606
23347,JA297445,6/8/2017 3:48,021XX W 54TH ST,FIRST DEGREE MURDER,HOUSE,FALSE,TRUE,932,9,16,61,2017,6/15/2017 15:50,41.79572268,-87.67751213
23348,JA297892,6/8/2017 19:00,046XX S TROY ST,FIRST DEGREE MURDER,STREET,FALSE,FALSE,922,9,14,58,2017,6/15/2017 15:50,41.80913282,-87.70279119
23349,JA299873,6/9/2017 19:28,057XX W BELDEN AVE,FIRST DEGREE MURDER,AUTO,FALSE,FALSE,2515,25,37,19,2017,6/16/2017 15:52,41.92209493,-87.76989372
23350,JA299740,6/9/2017 18:52,054XX W LE MOYNE ST,FIRST DEGREE MURDER,STREET,FALSE,FALSE,2532,25,37,25,2017,6/16/2017 15:52,41.90760517,-87.76262971
23352,JA301625,6/11/2017 2:04,010XX N MONTICELLO AVE,FIRST DEGREE MURDER,STREET,FALSE,FALSE,1112,11,27,23,2017,6/18/2017 15:50,41.89979612,-87.71767654
23353,JA301701,6/11/2017 3:17,053XX S SEELEY AVE,FIRST DEGREE MURDER,STREET,FALSE,FALSE,932,9,16,61,2017,6/18/2017 15:50,41.79635384,-87.67558769
23354,JA301760,6/11/2017 7:05,014XX S AVERS AVE,FIRST DEGREE MURDER,STREET,FALSE,FALSE,1011,10,24,29,2017,6/18/2017 15:50,41.86184654,-87.72138871
23355,JA302423,6/11/2017 18:48,047XX S WINCHESTER AVE,FIRST DEGREE MURDER,STREET,FALSE,FALSE,931,9,20,61,2017,6/18/2017 15:50,41.80752727,-87.67344871
23351,JA297357,6/11/2017 1:31,028XX W 59TH ST,FIRST DEGREE MURDER,ALLEY,TRUE,FALSE,824,8,16,63,2017,6/22/2017 15:53,41.78637952,-87.69525904
23356,JA302864,6/11/2017 22:46,046XX N BEACON ST,FIRST DEGREE MURDER,APARTMENT,TRUE,TRUE,1913,19,46,3,2017,6/18/2017 15:50,41.96604284,-87.66395025
23357,JA303240,6/12/2017 9:21,068XX S WABASH AVE,FIRST DEGREE MURDER,YARD,FALSE,FALSE,322,3,20,69,2017,6/19/2017 15:53,41.7703623,-87.62342834
23358,JA303694,6/12/2017 16:15,013XX S KOSTNER AVE,FIRST DEGREE MURDER,STREET,FALSE,FALSE,1011,10,24,29,2017,6/19/2017 15:53,41.86328428,-87.7348811
23359,JA304422,6/12/2017 23:11,059XX S PULASKI RD,FIRST DEGREE MURDER,AUTO,FALSE,FALSE,822,8,13,65,2017,6/19/2017 15:53,41.78539657,-87.72294491
23360,JA304301,6/12/2017 23:59,083XX S ELIZABETH ST,FIRST DEGREE MURDER,STREET,FALSE,FALSE,613,6,21,71,2017,6/19/2017 15:53,41.74253765,-87.65473804
23361,JA304394,6/12/2017 23:49,047XX W SUPERIOR ST,FIRST DEGREE MURDER,STREET,FALSE,FALSE,1111,11,28,25,2017,6/19/2017 15:53,41.89407954,-87.7442975
23362,JA305160,6/13/2017 14:18,081XX S KEDZIE AVE,FIRST DEGREE MURDER,AUTO,FALSE,FALSE,835,8,18,70,2017,6/20/2017 15:51,41.74530312,-87.70226916
23363,JA305313,6/13/2017 16:27,056XX W BLOOMINGDALE AVE,FIRST DEGREE MURDER,STREET,FALSE,FALSE,2531,25,29,25,2017,6/20/2017 15:51,41.9126611,-87.76616312
23364,JA305578,6/13/2017 18:37,050XX S DREXEL BLVD,FIRST DEGREE MURDER,GANGWAY,FALSE,FALSE,222,2,4,39,2017,6/20/2017 15:51,41.80326105,-87.60375856
23365,JA303694,6/13/2017 11:57,013XX S KOSTNER AVE,FIRST DEGREE MURDER,STREET,FALSE,FALSE,1011,10,24,29,2017,6/20/2017 15:51,41.86328428,-87.7348811
23366,JA306014,6/14/2017 4:05,064XX S MARYLAND AVE,FIRST DEGREE MURDER,STREET,FALSE,FALSE,312,3,20,42,2017,6/21/2017 15:52,41.77733863,-87.60463537
23367,JA308338,6/15/2017 17:40,068XX S HERMITAGE AVE,FIRST DEGREE MURDER,STREET,FALSE,FALSE,725,7,17,67,2017,6/22/2017 15:56,41.76987204,-87.66759558
23368,JA308868,6/15/2017 23:28,011XX N MASON AVE,FIRST DEGREE MURDER,STREET,FALSE,FALSE,1511,15,29,25,2017,6/22/2017 15:56,41.90065011,-87.77410819
23369,JA309693,6/16/2017 18:36,070XX S STATE ST,FIRST DEGREE MURDER,PARKING LOT,FALSE,FALSE,322,3,6,69,2017,6/23/2017 15:52,41.76624691,-87.62493262
23370,JA309481,6/16/2017 14:20,080XX S ELLIS AVE,FIRST DEGREE MURDER,VESTIBULE,FALSE,FALSE,631,6,8,44,2017,6/23/2017 15:52,41.74873721,-87.60026458
23371,JA310371,6/16/2017 23:54,059XX S UNION AVE,FIRST DEGREE MURDER,YARD,FALSE,FALSE,711,7,20,68,2017,6/23/2017 15:52,41.78612933,-87.64251204
23372,JA311389,6/17/2017 19:17,048XX S RACINE AVE,FIRST DEGREE MURDER,STREET,FALSE,FALSE,933,9,20,61,2017,6/24/2017 15:50,41.80634513,-87.65518382
23375,JA311797,6/18/2017 1:20,014XX N LECLAIRE AVE,FIRST DEGREE MURDER,APARTMENT,TRUE,TRUE,2533,25,37,25,2017,6/25/2017 15:51,41.90643114,-87.75341942
23376,JA311797,6/18/2017 2:15,014XX N LECLAIRE AVE,FIRST DEGREE MURDER,APARTMENT,TRUE,TRUE,2533,25,37,25,2017,6/25/2017 15:51,41.90643114,-87.75341942
23377,JA311933,6/18/2017 17:24,035XX W HURON ST,FIRST DEGREE MURDER,YARD,FALSE,FALSE,1121,11,27,23,2017,6/25/2017 15:51,41.89364756,-87.71434186
23378,JA312686,6/18/2017 19:56,012XX S AVERS AVE,FIRST DEGREE MURDER,STREET,FALSE,FALSE,1011,10,24,29,2017,6/25/2017 15:51,41.86572752,-87.72150223
23379,JA312425,6/18/2017 16:23,006XX E 82ND ST,FIRST DEGREE MURDER,STREET,FALSE,FALSE,631,6,6,44,2017,6/25/2017 15:51,41.74574689,-87.60820275
23373,JA311863,6/18/2017 3:13,004XX E OHIO ST,FIRST DEGREE MURDER,DRIVEWAY,TRUE,FALSE,1834,18,42,8,2017,8/24/2017 15:54,41.89266718,-87.61611467
23374,JA311796,6/18/2017 1:26,025XX S HOMAN AVE,FIRST DEGREE MURDER,APARTMENT,TRUE,TRUE,1024,10,22,30,2017,8/29/2017 15:53,41.845366,-87.7099299
23380,JA313042,6/19/2017 2:11,018XX S KILDARE AVE,FIRST DEGREE MURDER,STREET,FALSE,FALSE,1012,10,24,29,2017,6/26/2017 16:00,41.85589824,-87.73254198
23381,JA313073,6/19/2017 3:05,010XX N LAWNDALE AVE,FIRST DEGREE MURDER,STREET,FALSE,FALSE,1112,11,27,23,2017,6/26/2017 16:00,41.89981911,-87.71889583
23382,JA315760,6/20/2017 21:05,002XX S HOYNE AVE,FIRST DEGREE MURDER,STREET,FALSE,FALSE,1225,12,2,28,2017,6/27/2017 15:51,41.87841598,-87.67901371
23383,JA315992,6/21/2017 1:45,045XX S LECLAIRE AVE,FIRST DEGREE MURDER,AUTO,FALSE,FALSE,814,8,23,56,2017,6/28/2017 15:55,41.81051581,-87.7505732
23385,JA316625,6/21/2017 14:35,070XX S PARNELL AVE,FIRST DEGREE MURDER,APARTMENT,FALSE,FALSE,732,7,6,68,2017,6/28/2017 15:55,41.76634276,-87.63838062
23386,JA311215,6/21/2017 10:30,055XX S SHIELDS AVE,FIRST DEGREE MURDER,STREET,FALSE,FALSE,711,7,3,68,2017,6/28/2017 15:55,41.79354861,-87.6341373
23384,JA316043,6/21/2017 4:30,088XX S CHICAGO SKYWAY OB,FIRST DEGREE MURDER,STREET,TRUE,TRUE,412,4,8,48,2017,8/24/2017 15:54,41.73527711,-87.56632215
23387,JA317382,6/22/2017 1:23,035XX W HURON ST,FIRST DEGREE MURDER,STREET,FALSE,FALSE,1121,11,27,23,2017,6/29/2017 15:52,41.89364708,-87.71425371
23388,JA319798,6/23/2017 21:28,047XX W WEST END AVE,FIRST DEGREE MURDER,PORCH,FALSE,FALSE,1113,11,28,25,2017,6/30/2017 15:55,41.88314645,-87.74375896
23390,JA321035,6/24/2017 17:53,012XX N LARAMIE AVE,FIRST DEGREE MURDER,STREET,FALSE,FALSE,2532,25,37,25,2017,7/1/2017 15:47,41.90265052,-87.75578256
23409,JA118443,1/17/2017 0:30,071XX S SOUTH SHORE DR,FIRST DEGREE MURDER,APARTMENT,TRUE,FALSE,334,3,7,43,2017,7/1/2017 15:47,,
23389,JA320296,6/24/2017 5:27,016XX N MENARD AVE,FIRST DEGREE MURDER,HOUSE,TRUE,TRUE,2531,25,29,25,2017,7/15/2017 15:49,41.91018425,-87.77031075
23391,JA321550,6/25/2017 3:45,079XX S BRANDON AVE,FIRST DEGREE MURDER,STREET,FALSE,FALSE,422,4,7,46,2017,7/2/2017 15:55,41.75122969,-87.54683016
23408,JA255962,6/12/2017 8:48,077XX S STATE ST,FIRST DEGREE MURDER,CAR WASH,FALSE,FALSE,623,6,6,69,2017,7/3/2017 15:46,41.75413721,-87.62463334
23412,JA320110,6/22/2017 22:20,058XX W OHIO ST,FIRST DEGREE MURDER,STREET,FALSE,FALSE,1511,15,29,25,2017,7/3/2017 15:46,41.89104254,-87.77074331
23393,JA324031,6/26/2017 22:52,054XX S BISHOP ST,FIRST DEGREE MURDER,STREET,FALSE,FALSE,934,9,16,61,2017,7/3/2017 15:48,41.79539384,-87.66097984
23394,JA323771,6/26/2017 19:27,079XX S RIDGELAND AVE,FIRST DEGREE MURDER,STREET,TRUE,FALSE,414,4,8,46,2017,7/3/2017 15:48,41.75085912,-87.58166404
23395,JA323893,6/26/2017 21:16,010XX W 103RD PL,FIRST DEGREE MURDER,YARD,FALSE,FALSE,2232,22,34,73,2017,7/3/2017 15:48,41.7059567,-87.64839912
23396,JA323904,6/26/2017 20:23,048XX W GLADYS AVE,FIRST DEGREE MURDER,AUTO,FALSE,FALSE,1533,15,24,25,2017,7/3/2017 15:48,41.87586313,-87.7464219
23397,JA324296,6/27/2017 8:10,064XX S INGLESIDE AVE,FIRST DEGREE MURDER,ALLEY,FALSE,FALSE,314,3,20,42,2017,7/4/2017 15:50,41.77782708,-87.60160886
23398,JA325031,6/27/2017 17:44,066XX S UNIVERSITY AVE,FIRST DEGREE MURDER,STREET,FALSE,FALSE,321,3,5,42,2017,7/4/2017 15:50,41.7745827,-87.59850026
23399,JA325215,6/27/2017 19:11,089XX S MORGAN ST,FIRST DEGREE MURDER,AUTO,FALSE,FALSE,2222,22,21,73,2017,7/4/2017 15:50,41.73135792,-87.64836381
23401,JA323969,6/27/2017 0:44,052XX W DIVISION ST,FIRST DEGREE MURDER,PARKING LOT,TRUE,FALSE,2532,25,37,25,2017,7/4/2017 15:50,41.90223059,-87.75740997
23400,JA320465,6/27/2017 12:50,038XX W CHICAGO AVE,FIRST DEGREE MURDER,STREET,TRUE,FALSE,1112,11,27,23,2017,9/15/2017 15:50,41.89540554,-87.72182509
23402,JA326393,6/28/2017 17:01,032XX W HADDON AVE,FIRST DEGREE MURDER,STREET,FALSE,FALSE,1121,11,26,23,2017,7/5/2017 15:54,41.90186452,-87.70738601
23403,JA326667,6/28/2017 20:04,033XX W 79TH ST,FIRST DEGREE MURDER,STREET,FALSE,FALSE,835,8,18,70,2017,7/5/2017 15:54,41.74980727,-87.70641375
23404,JA326821,6/28/2017 22:38,054XX S WABASH AVE,FIRST DEGREE MURDER,AUTO,FALSE,FALSE,225,2,3,40,2017,7/5/2017 15:54,41.79557006,-87.62411105
23405,JA326821,6/28/2017 22:38,054XX S WABASH AVE,FIRST DEGREE MURDER,AUTO,FALSE,FALSE,225,2,3,40,2017,7/5/2017 15:54,41.79557006,-87.62411105
23413,HZ540208,6/29/2017 23:17,010XX N HOMAN AVE,FIRST DEGREE MURDER,STREET,FALSE,FALSE,1121,11,27,23,2017,7/6/2017 15:53,41.89930488,-87.71156172
23406,JA328468,6/30/2017 8:12,041XX S STATE ST,FIRST DEGREE MURDER,AUTO,FALSE,FALSE,213,2,3,38,2017,7/7/2017 15:58,41.81988174,-87.62635954
23407,JA328468,6/30/2017 10:51,041XX S STATE ST,FIRST DEGREE MURDER,AUTO,FALSE,FALSE,213,2,3,38,2017,7/7/2017 15:58,41.81988174,-87.62635954
23410,JA329470,6/30/2017 21:37,057XX S WELLS ST,FIRST DEGREE MURDER,PORCH,TRUE,FALSE,711,7,20,68,2017,7/7/2017 15:58,41.78976321,-87.63171793
23411,JA329470,6/30/2017 21:33,057XX S WELLS ST,FIRST DEGREE MURDER,PORCH,TRUE,FALSE,711,7,20,68,2017,7/7/2017 15:58,41.78976321,-87.63171793
23417,JA329470,7/1/2017 12:27,057XX S WELLS ST,FIRST DEGREE MURDER,STREET,TRUE,FALSE,711,7,20,68,2017,7/8/2017 15:49,41.78976321,-87.63171793
23414,JA331015,7/2/2017 2:13,042XX S STATE ST,FIRST DEGREE MURDER,STREET,FALSE,FALSE,213,2,3,38,2017,7/9/2017 15:51,41.81757345,-87.62630055
23415,JA331015,7/2/2017 16:00,042XX S STATE ST,FIRST DEGREE MURDER,STREET,FALSE,FALSE,213,2,3,38,2017,7/9/2017 15:51,41.81757345,-87.62630055
23416,JA332111,7/2/2017 23:48,018XX W HASTINGS ST,FIRST DEGREE MURDER,STREET,FALSE,FALSE,1233,12,2,28,2017,7/9/2017 15:51,41.8640909,-87.67228735
23418,JA334240,7/4/2017 18:39,002XX E 132ND ST,FIRST DEGREE MURDER,AUTO,TRUE,FALSE,533,5,9,54,2017,8/31/2017 15:52,41.65561938,-87.61633927
23419,JA334412,7/5/2017 0:43,016XX N MAJOR AVE,FIRST DEGREE MURDER,STREET,TRUE,FALSE,2531,25,29,25,2017,7/12/2017 15:55,41.90993385,-87.76793967
23420,JA334712,7/5/2017 0:50,040XX W LAKE ST,FIRST DEGREE MURDER,ALLEY,FALSE,FALSE,1114,11,28,26,2017,7/12/2017 15:55,41.88549643,-87.72654682
23421,JA334881,7/5/2017 4:12,062XX S LAFLIN ST,FIRST DEGREE MURDER,STREET,FALSE,FALSE,713,7,16,67,2017,7/12/2017 15:55,41.78074427,-87.66182219
23422,JA334807,7/5/2017 4:20,110XX S EBERHART AVE,FIRST DEGREE MURDER,STREET,FALSE,FALSE,513,5,9,49,2017,7/12/2017 15:55,41.69356827,-87.61110682
23423,JA334807,7/5/2017 4:25,110XX S EBERHART AVE,FIRST DEGREE MURDER,STREET,FALSE,FALSE,513,5,9,49,2017,7/12/2017 15:55,41.69356827,-87.61110682
23424,JA334811,7/5/2017 3:05,079XX S PAULINA ST,FIRST DEGREE MURDER,STREET,FALSE,FALSE,611,6,21,71,2017,7/12/2017 15:55,41.74962816,-87.66584786
23425,JA334700,7/5/2017 0:21,003XX E 47TH ST,FIRST DEGREE MURDER,STREET,FALSE,FALSE,215,2,3,38,2017,7/12/2017 15:55,41.8093468,-87.61887154
23426,JA335500,7/5/2017 13:51,008XX W 103RD ST,FIRST DEGREE MURDER,APARTMENT,TRUE,TRUE,2232,22,34,73,2017,8/3/2017 15:49,41.70690219,-87.64450714
23427,JA336634,7/6/2017 11:02,085XX S JUSTINE ST,FIRST DEGREE MURDER,AUTO,FALSE,FALSE,614,6,21,71,2017,7/13/2017 15:53,41.73847432,-87.66191465
23428,JA337316,7/6/2017 18:30,082XX S CARPENTER ST,FIRST DEGREE MURDER,PORCH,FALSE,FALSE,613,6,21,71,2017,7/13/2017 15:53,41.74443019,-87.64993248
23429,JA337334,7/6/2017 18:31,044XX W HADDON AVE,FIRST DEGREE MURDER,ALLEY,FALSE,FALSE,1111,11,37,23,2017,7/13/2017 15:53,41.90157003,-87.73713547
23430,JA340303,7/8/2017 23:29,066XX S HALSTED ST,FIRST DEGREE MURDER,GAS STATION,TRUE,FALSE,723,7,6,68,2017,8/18/2017 15:49,41.77297208,-87.64461087
23431,JA340827,7/9/2017 14:36,000XX W 95TH ST,FIRST DEGREE MURDER,"CTA ""L"" PLATFORM",FALSE,FALSE,634,6,21,49,2017,7/16/2017 15:51,41.7216272,-87.62448518
23432,JA341347,7/9/2017 20:26,034XX S WESTERN AVE,FIRST DEGREE MURDER,STREET,FALSE,FALSE,911,9,12,59,2017,7/16/2017 15:51,41.83094986,-87.68505263
23433,JA341816,7/10/2017 9:32,081XX S PAULINA ST,FIRST DEGREE MURDER,STREET,FALSE,FALSE,614,6,18,71,2017,7/17/2017 15:54,41.74583771,-87.66575154
23434,JA342438,7/10/2017 17:00,013XX E 78TH ST,FIRST DEGREE MURDER,STREET,FALSE,FALSE,411,4,8,45,2017,7/17/2017 15:54,41.75323641,-87.59276276
23435,JA343087,7/11/2017 4:10,083XX S STONY ISLAND AVE,FIRST DEGREE MURDER,GAS STATION,FALSE,FALSE,412,4,8,45,2017,7/18/2017 15:52,41.74397044,-87.58579712
23436,JA343127,7/11/2017 6:26,052XX S DR MARTIN LUTHER KING JR DR,FIRST DEGREE MURDER,STREET,FALSE,FALSE,231,2,3,40,2017,7/18/2017 15:52,41.79926622,-87.61609356
23437,JA344890,7/12/2017 13:01,031XX W FILLMORE ST,FIRST DEGREE MURDER,ALLEY,FALSE,FALSE,1134,11,24,29,2017,7/19/2017 15:55,41.86823403,-87.70491658
23438,JA345518,7/12/2017 21:26,014XX N KILDARE AVE,FIRST DEGREE MURDER,APARTMENT,TRUE,TRUE,2534,25,37,23,2017,7/19/2017 15:55,41.90666236,-87.73378551
23439,JA345734,7/13/2017 2:44,031XX W LEXINGTON ST,FIRST DEGREE MURDER,STREET,FALSE,FALSE,1134,11,24,27,2017,7/20/2017 15:55,41.87188568,-87.70424195
23440,JA346211,7/13/2017 12:58,046XX W AUGUSTA BLVD,FIRST DEGREE MURDER,STREET,FALSE,FALSE,1111,11,37,23,2017,7/20/2017 15:55,41.89875779,-87.74256118
23441,JA346838,7/13/2017 20:10,026XX W 83RD ST,FIRST DEGREE MURDER,ALLEY,FALSE,FALSE,835,8,18,70,2017,7/20/2017 15:55,41.74272375,-87.68848018
23442,JA347081,7/14/2017 0:26,002XX W 95TH ST,FIRST DEGREE MURDER,STREET,FALSE,FALSE,511,5,21,49,2017,7/21/2017 15:52,41.7216357,-87.63033497
23443,JA347202,7/14/2017 2:43,080XX S VERNON AVE,FIRST DEGREE MURDER,AUTO,FALSE,FALSE,631,6,6,44,2017,7/21/2017 15:52,41.74868735,-87.61364822
23444,JA347135,7/14/2017 1:00,100XX S PARNELL AVE,FIRST DEGREE MURDER,STREET,FALSE,FALSE,2232,22,9,73,2017,7/21/2017 15:52,41.71190037,-87.63689438
23445,JA348123,7/14/2017 19:44,045XX W JACKSON BLVD,FIRST DEGREE MURDER,PORCH,FALSE,FALSE,1131,11,24,26,2017,7/21/2017 15:52,41.87692452,-87.73882969
23446,JA348138,7/14/2017 21:24,000XX W PERSHING RD,FIRST DEGREE MURDER,AUTO,FALSE,FALSE,213,2,3,38,2017,7/21/2017 15:52,41.82369472,-87.62789154
23447,JA348372,7/14/2017 22:42,046XX S WASHTENAW AVE,FIRST DEGREE MURDER,YARD,FALSE,FALSE,922,9,12,58,2017,7/21/2017 15:52,41.80928049,-87.69179294
23448,JA348390,7/14/2017 22:50,106XX S GREEN BAY AVE,FIRST DEGREE MURDER,STREET,FALSE,FALSE,432,4,10,52,2017,7/21/2017 15:52,41.7018466,-87.54134613
23450,JA347910,7/14/2017 16:40,083XX S HAMILTON AVE,FIRST DEGREE MURDER,YARD,FALSE,FALSE,614,6,18,71,2017,7/21/2017 15:52,41.7421432,-87.67658827
23449,JA348414,7/15/2017 0:08,035XX E 97TH ST,FIRST DEGREE MURDER,AUTO,FALSE,FALSE,432,4,10,52,2017,7/22/2017 15:52,41.71951695,-87.53733075
23451,JA348610,7/15/2017 4:27,044XX W MONROE ST,FIRST DEGREE MURDER,STREET,FALSE,FALSE,1113,11,28,26,2017,7/22/2017 15:52,41.87963425,-87.73640671
23452,JA348629,7/15/2017 5:43,004XX N KEDZIE AVE,FIRST DEGREE MURDER,STREET,FALSE,FALSE,1123,11,28,23,2017,7/22/2017 15:52,41.89000945,-87.70638894
23453,JA349234,7/15/2017 16:28,001XX W 95TH ST,FIRST DEGREE MURDER,STREET,FALSE,FALSE,634,6,21,49,2017,7/22/2017 15:52,41.72168173,-87.6271
23454,JA349780,7/16/2017 1:45,039XX W ARTHINGTON ST,FIRST DEGREE MURDER,STREET,FALSE,FALSE,1132,11,24,26,2017,7/23/2017 15:50,41.86982474,-87.72409196
23456,JA349870,7/16/2017 4:02,021XX E 71ST ST,FIRST DEGREE MURDER,STREET,FALSE,FALSE,333,3,5,43,2017,7/23/2017 15:50,41.76611488,-87.57210945
23457,JA349761,7/16/2017 21:40,029XX W AUGUSTA BLVD,FIRST DEGREE MURDER,STREET,FALSE,FALSE,1211,12,26,24,2017,7/23/2017 15:50,41.89924373,-87.70136553
23458,JA351722,7/17/2017 14:35,063XX S ST LAWRENCE AVE,FIRST DEGREE MURDER,STREET,FALSE,FALSE,312,3,20,42,2017,7/24/2017 15:54,41.77963055,-87.61078722
23459,JA351722,7/17/2017 14:35,063XX S ST LAWRENCE AVE,FIRST DEGREE MURDER,STREET,FALSE,FALSE,312,3,20,42,2017,7/24/2017 15:54,41.77963055,-87.61078722
23460,JA352359,7/17/2017 21:55,079XX S SOUTH CHICAGO AVE,FIRST DEGREE MURDER,GARAGE,FALSE,FALSE,411,4,8,46,2017,7/24/2017 15:54,41.75053012,-87.58423316
23461,JA352552,7/18/2017 2:24,084XX S MARYLAND AVE,FIRST DEGREE MURDER,STREET,FALSE,FALSE,632,6,8,44,2017,7/25/2017 15:48,41.74153913,-87.60375048
23462,JA353739,7/18/2017 20:53,071XX S STATE ST,FIRST DEGREE MURDER,STREET,FALSE,FALSE,323,3,6,69,2017,7/25/2017 15:48,41.76467689,-87.62488758
23463,JA353895,7/18/2017 22:51,016XX W 18TH PL,FIRST DEGREE MURDER,HOUSE,FALSE,FALSE,1234,12,25,31,2017,7/25/2017 15:48,41.85685705,-87.66753847
23464,JA356172,7/20/2017 16:10,053XX S CALUMET AVE,FIRST DEGREE MURDER,ALLEY,FALSE,FALSE,231,2,3,40,2017,7/27/2017 15:50,41.79781341,-87.6176794
23465,JA356614,7/20/2017 21:25,020XX S PULASKI RD,FIRST DEGREE MURDER,CTA PROPERTY,FALSE,FALSE,1014,10,24,29,2017,7/27/2017 15:50,41.85401071,-87.72482201
23466,JA358110,7/21/2017 22:35,088XX S EGGLESTON AVE,FIRST DEGREE MURDER,STREET,FALSE,FALSE,2223,22,21,71,2017,7/28/2017 15:47,41.73377779,-87.63503872
23467,JA359314,7/22/2017 22:05,071XX S ARTESIAN AVE,FIRST DEGREE MURDER,STREET,FALSE,FALSE,832,8,18,66,2017,7/29/2017 15:56,41.76370043,-87.68443979
23468,JA359495,7/23/2017 2:39,036XX W CHICAGO AVE,FIRST DEGREE MURDER,PARKING LOT,FALSE,FALSE,1112,11,27,23,2017,7/30/2017 15:51,41.89545729,-87.71661999
23469,JA359626,7/23/2017 9:25,015XX E 82ND ST,FIRST DEGREE MURDER,STREET,FALSE,FALSE,411,4,8,45,2017,7/30/2017 15:51,41.74601319,-87.58637073
23470,JA359969,7/23/2017 12:34,070XX S VERNON AVE,FIRST DEGREE MURDER,STREET,FALSE,FALSE,322,3,6,69,2017,7/30/2017 15:51,41.7666103,-87.61407476
23471,JA360638,7/23/2017 21:59,054XX S DAMEN AVE,FIRST DEGREE MURDER,HOUSE,FALSE,TRUE,932,9,16,61,2017,8/31/2017 15:52,41.79479609,-87.67432743
23472,JA360788,7/24/2017 2:18,027XX S KOMENSKY AVE,FIRST DEGREE MURDER,YARD,FALSE,FALSE,1031,10,22,30,2017,7/31/2017 15:53,41.8415948,-87.72569566
23473,JA362089,7/24/2017 23:06,071XX S RHODES AVE,FIRST DEGREE MURDER,STREET,FALSE,FALSE,323,3,6,69,2017,7/31/2017 15:53,41.76488793,-87.61161611
23474,JA362095,7/24/2017 22:30,063XX S ROCKWELL ST,FIRST DEGREE MURDER,AUTO,FALSE,FALSE,825,8,15,66,2017,8/31/2017 15:52,41.77871274,-87.68851572
23308,JA146899,2/15/2017 11:20,003XX S CANAL ST,FIRST DEGREE MURDER,STREET,TRUE,FALSE,121,1,2,28,2017,8/1/2017 15:52,,
23475,JA362123,7/25/2017 6:25,003XX N LOREL AVE,FIRST DEGREE MURDER,ALLEY,FALSE,FALSE,1523,15,28,25,2017,8/1/2017 15:52,41.88632995,-87.75895568
23476,JA363474,7/25/2017 22:32,078XX S CARPENTER ST,FIRST DEGREE MURDER,STREET,FALSE,FALSE,612,6,17,71,2017,8/1/2017 15:52,41.75154459,-87.65012821
23477,JA364517,7/26/2017 17:04,047XX W MAYPOLE AVE,FIRST DEGREE MURDER,ALLEY,FALSE,FALSE,1113,11,28,25,2017,8/31/2017 15:52,41.88447165,-87.74370638
23489,HZ178954,7/22/2017 4:39,082XX S EMERALD AVE,FIRST DEGREE MURDER,STREET,FALSE,FALSE,622,6,21,71,2017,8/3/2017 15:49,41.74421366,-87.64263542
23491,Z582023,6/20/2017 12:30,132XX S CORLISS AVE,FIRST DEGREE MURDER,CHA PARKING LOT,FALSE,FALSE,533,5,9,54,2017,8/3/2017 15:49,41.65497114,-87.60230584
23479,JA365085,7/27/2017 2:01,015XX S MILLARD AVE,FIRST DEGREE MURDER,APARTMENT,TRUE,TRUE,1014,10,24,29,2017,8/3/2017 15:52,41.85982778,-87.71644853
23480,JA366387,7/27/2017 23:00,020XX E 71ST ST,FIRST DEGREE MURDER,STREET,FALSE,FALSE,331,3,5,43,2017,8/3/2017 15:52,41.76624999,-87.57552784
23478,JA366269,7/27/2017 20:55,005XX N STATE ST,FIRST DEGREE MURDER,APARTMENT,TRUE,FALSE,1831,18,42,8,2017,8/20/2017 15:49,41.89194817,-87.62807389
23481,JA365311,7/27/2017 9:00,015XX W 63RD ST,FIRST DEGREE MURDER,APARTMENT,FALSE,FALSE,713,7,16,67,2017,8/3/2017 15:52,41.77950319,-87.66217977
23482,JA366549,7/28/2017 2:50,005XX W IOWA ST,FIRST DEGREE MURDER,STREET,FALSE,FALSE,1823,18,27,8,2017,8/4/2017 15:50,41.89834717,-87.64197242
23483,JA366754,7/28/2017 10:33,002XX W 107TH ST,FIRST DEGREE MURDER,PORCH,FALSE,FALSE,513,5,34,49,2017,8/4/2017 15:50,41.69980061,-87.62923262
23484,JA367390,7/28/2017 18:30,013XX N LOCKWOOD AVE,FIRST DEGREE MURDER,ALLEY,FALSE,FALSE,2532,25,37,25,2017,8/4/2017 15:50,41.90443321,-87.75830488
23485,JA367791,7/28/2017 23:32,025XX W LITHUANIAN PLAZA CT,FIRST DEGREE MURDER,STREET,FALSE,FALSE,832,8,15,66,2017,8/4/2017 15:50,41.76828691,-87.68651969
23486,JA366923,7/28/2017 18:00,015XX S ST LOUIS AVE,FIRST DEGREE MURDER,STREET,FALSE,FALSE,1021,10,24,29,2017,8/4/2017 15:50,41.85984927,-87.71279574
23487,JA370013,7/30/2017 16:53,098XX S PEORIA ST,FIRST DEGREE MURDER,ALLEY,FALSE,FALSE,2223,22,21,73,2017,8/6/2017 15:53,41.71562954,-87.64549079
23488,JA370541,7/31/2017 0:57,024XX N MEADE AVE,FIRST DEGREE MURDER,YARD,FALSE,FALSE,2512,25,29,19,2017,8/7/2017 15:52,41.92441568,-87.77816696
23490,JA371025,7/31/2017 12:33,072XX S ARTESIAN AVE,FIRST DEGREE MURDER,AUTO,FALSE,FALSE,832,8,18,66,2017,8/7/2017 15:52,41.76211945,-87.68439341
23492,JA365696,8/1/2017 22:27,007XX N LAWNDALE AVE,FIRST DEGREE MURDER,STREET,FALSE,FALSE,1112,11,27,23,2017,8/8/2017 15:53,41.89428577,-87.71871747
23493,JA375386,8/3/2017 11:45,056XX S RICHMOND ST,FIRST DEGREE MURDER,STREET,FALSE,FALSE,824,8,14,63,2017,8/10/2017 15:56,41.79085074,-87.69737822
23494,JA378987,8/5/2017 23:19,003XX W 57TH ST,FIRST DEGREE MURDER,AUTO,FALSE,FALSE,711,7,3,68,2017,8/12/2017 15:49,41.79085245,-87.63437929
23495,JA379223,8/6/2017 2:50,017XX S NEWBERRY AVE,FIRST DEGREE MURDER,PORCH,FALSE,FALSE,1235,12,25,31,2017,8/13/2017 15:52,41.85878173,-87.64764442
23498,JA378169,8/6/2017 21:54,033XX W WASHINGTON BLVD,FIRST DEGREE MURDER,STREET,FALSE,FALSE,1123,11,28,27,2017,8/13/2017 15:52,41.882754,-87.70997789
23496,JA379329,8/6/2017 5:41,069XX W 65TH ST,FIRST DEGREE MURDER,HOUSE,FALSE,TRUE,812,8,23,64,2017,8/31/2017 15:52,41.77380925,-87.79406942
23497,HZ371861,8/7/2017 13:58,020XX N KEDZIE AVE,FIRST DEGREE MURDER,CHA APARTMENT,TRUE,TRUE,1413,14,35,22,2017,8/19/2017 15:48,41.9186078,-87.70701297
23499,JA383393,8/8/2017 23:17,000XX E 37TH PL,FIRST DEGREE MURDER,STREET,FALSE,FALSE,213,2,3,35,2017,8/15/2017 15:58,41.82648144,-87.62408919
23503,JA383520,8/9/2017 3:08,013XX W HURON ST,FIRST DEGREE MURDER,STREET,FALSE,FALSE,1215,12,27,24,2017,8/16/2017 16:03,41.89436712,-87.65982894
23504,JA384701,8/9/2017 20:53,060XX S MAPLEWOOD AVE,FIRST DEGREE MURDER,STREET,FALSE,FALSE,825,8,15,66,2017,8/16/2017 16:03,41.78418703,-87.68743789
23505,JA384146,8/9/2017 15:29,001XX S LOCKWOOD AVE,FIRST DEGREE MURDER,STREET,FALSE,FALSE,1522,15,29,25,2017,8/16/2017 16:03,41.87907033,-87.75764368
23506,JA384949,8/10/2017 2:22,012XX N GREENVIEW AVE,FIRST DEGREE MURDER,AUTO,FALSE,FALSE,1433,14,1,24,2017,8/17/2017 15:54,41.90433464,-87.66507277
23507,JA385764,8/10/2017 16:04,041XX S WALLACE ST,FIRST DEGREE MURDER,HOUSE,TRUE,FALSE,925,9,11,61,2017,8/17/2017 15:54,41.81838975,-87.64092179
23508,JA387804,8/12/2017 4:39,070XX S EMERALD AVE,FIRST DEGREE MURDER,YARD,FALSE,FALSE,732,7,6,68,2017,8/19/2017 15:50,41.7663224,-87.64319743
23509,JA388710,8/12/2017 21:55,026XX W 15TH ST,FIRST DEGREE MURDER,ALLEY,FALSE,FALSE,1023,10,28,29,2017,8/19/2017 15:50,41.86108765,-87.69243906
23510,JA388904,8/13/2017 0:32,013XX N HUDSON AVE,FIRST DEGREE MURDER,STREET,FALSE,FALSE,1821,18,27,8,2017,8/20/2017 15:51,41.9071396,-87.63968072
23511,JA388927,8/13/2017 1:13,014XX W 54TH ST,FIRST DEGREE MURDER,STREET,FALSE,FALSE,934,9,16,61,2017,8/20/2017 15:51,41.79589651,-87.66152835
23512,JA389130,8/13/2017 7:35,010XX W MONTROSE AVE,FIRST DEGREE MURDER,STREET,FALSE,FALSE,1913,19,46,3,2017,8/20/2017 15:51,41.96175891,-87.65595766
23513,JA389742,8/13/2017 17:46,102XX S EWING AVE,FIRST DEGREE MURDER,APARTMENT,FALSE,FALSE,432,4,10,52,2017,8/20/2017 15:51,41.70912104,-87.53528725
23514,JA389742,8/13/2017 17:46,102XX S EWING AVE,FIRST DEGREE MURDER,APARTMENT,FALSE,FALSE,432,4,10,52,2017,8/20/2017 15:51,41.70912104,-87.53528725
23515,JA389742,8/13/2017 17:46,102XX S EWING AVE,FIRST DEGREE MURDER,APARTMENT,FALSE,FALSE,432,4,10,52,2017,8/20/2017 15:51,41.70912104,-87.53528725
23516,JA389322,8/13/2017 11:47,002XX S LARAMIE AVE,FIRST DEGREE MURDER,CHURCH,FALSE,FALSE,1522,15,29,25,2017,8/20/2017 15:51,41.87720717,-87.75495052
23517,JA389322,8/13/2017 11:45,002XX S LARAMIE AVE,FIRST DEGREE MURDER,CHURCH,FALSE,FALSE,1522,15,29,25,2017,8/20/2017 15:51,41.87720717,-87.75495052
23518,JA390082,8/14/2017 0:25,030XX W 60TH ST,FIRST DEGREE MURDER,STREET,FALSE,FALSE,824,8,16,66,2017,8/21/2017 15:52,41.78449547,-87.69895901
23519,JA390367,8/14/2017 10:57,015XX E 68TH ST,FIRST DEGREE MURDER,ALLEY,FALSE,FALSE,332,3,5,43,2017,8/21/2017 15:52,41.77150406,-87.58707585
23523,JA351991,8/14/2017 4:14,012XX S CANAL ST,FIRST DEGREE MURDER,STREET,FALSE,FALSE,124,1,2,28,2017,8/21/2017 15:52,41.86650561,-87.63922435
23520,JA326235,8/15/2017 2:22,039XX W DIVISION ST,FIRST DEGREE MURDER,STREET,FALSE,FALSE,1112,11,27,23,2017,8/22/2017 15:55,41.90268041,-87.72542172
23521,JA392205,8/15/2017 15:17,078XX S HOMAN AVE,FIRST DEGREE MURDER,STREET,FALSE,FALSE,835,8,18,70,2017,8/22/2017 15:55,41.75026489,-87.70729615
23522,JA393092,8/16/2017 9:16,024XX S SACRAMENTO AVE,FIRST DEGREE MURDER,ALLEY,FALSE,FALSE,1024,10,22,30,2017,8/23/2017 15:57,41.84732719,-87.70022148
23524,JA392890,8/16/2017 7:06,054XX W RICE ST,FIRST DEGREE MURDER,STREET,FALSE,FALSE,1524,15,37,25,2017,8/23/2017 15:57,41.89579394,-87.76152279
23525,JA393783,8/16/2017 16:46,097XX S YATES AVE,FIRST DEGREE MURDER,PARK PROPERTY,TRUE,FALSE,431,4,7,51,2017,9/1/2017 15:52,41.71823749,-87.56464942
23334,JA218163,4/9/2017 9:16,091XX S WOODLAWN AVE,FIRST DEGREE MURDER,APARTMENT,TRUE,TRUE,413,4,8,47,2017,8/24/2017 15:54,41.72860378,-87.59493608
23526,JA395763,8/18/2017 2:35,068XX S JEFFERY BLVD,FIRST DEGREE MURDER,STREET,FALSE,FALSE,331,3,5,43,2017,8/25/2017 15:49,41.77066871,-87.57642162
23527,JA396131,8/18/2017 12:00,026XX W 31ST ST,FIRST DEGREE MURDER,AUTO,FALSE,FALSE,1034,10,12,30,2017,8/25/2017 15:49,41.83776002,-87.69022419
23528,JA397347,8/19/2017 4:46,122XX S GREEN ST,FIRST DEGREE MURDER,STREET,FALSE,FALSE,524,5,34,53,2017,8/26/2017 15:52,41.67151268,-87.64291537
23529,JA397956,8/19/2017 16:32,063XX S CARPENTER ST,FIRST DEGREE MURDER,AUTO,FALSE,FALSE,724,7,16,68,2017,8/26/2017 15:52,41.77903847,-87.65084103
23530,JA398544,8/20/2017 2:19,070XX S PAULINA ST,FIRST DEGREE MURDER,STREET,FALSE,FALSE,735,7,17,67,2017,8/27/2017 15:48,41.76624743,-87.66628045
23531,JA398560,8/20/2017 2:21,010XX W MAXWELL ST,FIRST DEGREE MURDER,SCHOOL YARD,FALSE,FALSE,1232,12,2,28,2017,8/27/2017 15:48,41.86468792,-87.65235022
23532,JA398576,8/20/2017 2:35,119XX S LOOMIS ST,FIRST DEGREE MURDER,STREET,FALSE,FALSE,524,5,34,53,2017,8/27/2017 15:48,41.67749962,-87.65655282
23533,JA398662,8/20/2017 5:31,038XX S ARCHER AVE,FIRST DEGREE MURDER,AUTO,FALSE,FALSE,911,9,12,58,2017,8/27/2017 15:48,41.82341734,-87.68904329
23534,JA398642,8/20/2017 5:35,077XX N ASHLAND AVE,FIRST DEGREE MURDER,STAIRWELL,FALSE,FALSE,2422,24,49,1,2017,8/27/2017 15:48,42.02163826,-87.67071685
23535,JA399402,8/20/2017 19:01,030XX W POLK ST,FIRST DEGREE MURDER,APARTMENT,FALSE,FALSE,1134,11,28,27,2017,8/27/2017 15:48,41.8709972,-87.70186046
23536,JA398125,8/20/2017 11:12,036XX W DIVERSEY AVE,FIRST DEGREE MURDER,STREET,FALSE,FALSE,2524,25,35,22,2017,8/27/2017 15:48,41.93190228,-87.71793752
23537,JA401885,8/22/2017 17:13,052XX S BISHOP ST,FIRST DEGREE MURDER,STREET,FALSE,FALSE,934,9,16,61,2017,8/29/2017 15:56,41.79855024,-87.66106054
23538,JA402750,8/23/2017 11:02,032XX W CORTLAND ST,FIRST DEGREE MURDER,STREET,FALSE,FALSE,1422,14,26,22,2017,8/30/2017 15:57,41.91555266,-87.70938327
23539,JA404072,8/24/2017 9:50,059XX W FULLERTON AVE,FIRST DEGREE MURDER,VACANT LOT,TRUE,FALSE,2515,25,29,19,2017,8/31/2017 15:54,41.92384006,-87.7749089
23540,JA406553,8/26/2017 2:26,062XX S DR MARTIN LUTHER KING JR DR,FIRST DEGREE MURDER,STREET,FALSE,FALSE,313,3,20,42,2017,9/2/2017 15:51,41.78161502,-87.61565967
23541,JA406604,8/26/2017 5:25,036XX W OHIO ST,FIRST DEGREE MURDER,STREET,FALSE,FALSE,1122,11,27,23,2017,9/2/2017 15:51,41.89178318,-87.71669941
23547,JA406427,8/26/2017 18:26,059XX S MORGAN ST,FIRST DEGREE MURDER,GAS STATION DRIVE/PROP.,FALSE,FALSE,712,7,16,68,2017,9/2/2017 15:51,41.78649959,-87.64981588
23542,JA407612,8/27/2017 9:12,062XX S LAFLIN ST,FIRST DEGREE MURDER,STREET,FALSE,FALSE,713,7,16,67,2017,9/3/2017 15:50,41.78087326,-87.66182451
23543,JA407423,8/27/2017 14:06,033XX W POTOMAC AVE,FIRST DEGREE MURDER,STREET,FALSE,FALSE,1422,14,26,23,2017,9/3/2017 15:50,41.90462847,-87.71000026
23544,JA407726,8/27/2017 5:25,064XX S CHAMPLAIN AVE,FIRST DEGREE MURDER,STREET,FALSE,FALSE,312,3,20,42,2017,9/3/2017 15:50,41.77785253,-87.60952399
23545,JA408672,8/27/2017 21:32,020XX S LEAVITT ST,FIRST DEGREE MURDER,STREET,FALSE,FALSE,1234,12,25,31,2017,9/3/2017 15:50,41.85429324,-87.68080864
23546,JA409608,8/28/2017 17:00,056XX S ARTESIAN AVE,FIRST DEGREE MURDER,STREET,FALSE,FALSE,824,8,16,63,2017,9/4/2017 15:50,41.79092544,-87.68521038
23549,JA412885,8/31/2017 7:03,111XX S ASHLAND AVE,FIRST DEGREE MURDER,STREET,FALSE,FALSE,2234,22,34,75,2017,9/7/2017 15:53,41.69020277,-87.66304292
23550,JA413452,8/31/2017 16:55,014XX S SPRINGFIELD AVE,FIRST DEGREE MURDER,STREET,FALSE,FALSE,1011,10,24,29,2017,9/7/2017 15:53,41.86169934,-87.72260523
23551,JA413452,8/31/2017 16:55,014XX S SPRINGFIELD AVE,FIRST DEGREE MURDER,STREET,FALSE,FALSE,1011,10,24,29,2017,9/7/2017 15:53,41.86169934,-87.72260523
23552,JA415519,9/2/2017 2:30,083XX S HERMITAGE AVE,FIRST DEGREE MURDER,STREET,FALSE,FALSE,614,6,18,71,2017,9/9/2017 15:47,41.74208451,-87.66687136
23553,JA415643,9/2/2017 5:40,010XX N WALLER AVE,FIRST DEGREE MURDER,STREET,FALSE,FALSE,1511,15,29,25,2017,9/9/2017 15:47,41.89914092,-87.76797244
23554,JA417720,9/3/2017 21:53,008XX W 102ND ST,FIRST DEGREE MURDER,AUTO,FALSE,FALSE,2232,22,34,73,2017,9/10/2017 15:47,41.70871844,-87.64442549
23555,JA417818,9/3/2017 22:58,059XX W BELDEN AVE,FIRST DEGREE MURDER,STREET,FALSE,FALSE,2515,25,37,19,2017,9/10/2017 15:47,41.92203037,-87.77409056
23556,JA418751,9/4/2017 18:45,049XX W WASHINGTON BLVD,FIRST DEGREE MURDER,STREET,FALSE,TRUE,1532,15,28,25,2017,9/11/2017 15:52,41.88177233,-87.74873639
23557,JA418987,9/4/2017 23:29,044XX S LAWLER AVE,FIRST DEGREE MURDER,STREET,FALSE,FALSE,814,8,23,56,2017,9/11/2017 15:52,41.81227718,-87.74940175
23558,JA418824,9/4/2017 20:17,015XX S DRAKE AVE,FIRST DEGREE MURDER,STREET,FALSE,FALSE,1021,10,24,29,2017,9/11/2017 15:52,41.8602291,-87.71402184
23562,JA419944,9/6/2017 2:00,080XX S MANISTEE AVE,FIRST DEGREE MURDER,STREET,FALSE,FALSE,422,4,7,46,2017,9/13/2017 15:52,41.74938809,-87.55770358
23563,JA420481,9/6/2017 5:27,052XX W GLADYS AVE,FIRST DEGREE MURDER,STREET,FALSE,FALSE,1522,15,29,25,2017,9/13/2017 15:52,41.87574004,-87.75624889
23564,JA421583,9/6/2017 21:55,063XX S CARPENTER ST,FIRST DEGREE MURDER,PORCH,FALSE,FALSE,724,7,16,68,2017,9/13/2017 15:52,41.77879969,-87.65083623
23566,K295028,9/6/2017 7:00,072XX S STONY ISLAND AVE,FIRST DEGREE MURDER,ALLEY,FALSE,FALSE,324,3,5,43,2017,9/13/2017 15:52,41.76305737,-87.58584686
23565,JA421797,9/7/2017 7:53,038XX W FLOURNOY ST,FIRST DEGREE MURDER,VACANT LOT,FALSE,FALSE,1133,11,24,26,2017,9/14/2017 15:49,41.87258622,-87.72165345
23567,JA423058,9/8/2017 2:37,011XX S TROY ST,FIRST DEGREE MURDER,AUTO,FALSE,FALSE,1134,11,24,29,2017,9/15/2017 15:51,41.86763617,-87.70448554
23568,JA424312,9/9/2017 2:37,053XX S SEELEY AVE,FIRST DEGREE MURDER,STREET,FALSE,FALSE,932,9,16,61,2017,9/16/2017 15:53,41.79632639,-87.67558797
23569,JA425377,9/9/2017 23:59,114XX S YALE AVE,FIRST DEGREE MURDER,STREET,FALSE,FALSE,522,5,34,49,2017,9/16/2017 15:53,41.68623894,-87.62891921
23570,JA425377,9/9/2017 23:59,114XX S YALE AVE,FIRST DEGREE MURDER,STREET,FALSE,FALSE,522,5,34,49,2017,9/16/2017 15:53,41.68623894,-87.62891921
23571,JA425377,9/9/2017 23:59,114XX S YALE AVE,FIRST DEGREE MURDER,STREET,FALSE,FALSE,522,5,34,49,2017,9/16/2017 15:53,41.68623894,-87.62891921
23572,JA426323,9/10/2017 23:03,111XX S MICHIGAN AVE,FIRST DEGREE MURDER,STREET,FALSE,FALSE,531,5,9,49,2017,9/17/2017 15:46,41.69237889,-87.62104615
23574,JA427871,9/12/2017 4:55,050XX W MONROE ST,FIRST DEGREE MURDER,STREET,FALSE,FALSE,1533,15,28,25,2017,9/19/2017 15:45,41.87941208,-87.75248504
23575,JA428533,9/12/2017 16:00,003XX S KILBOURN AVE,FIRST DEGREE MURDER,ALLEY,FALSE,FALSE,1131,11,24,26,2017,9/19/2017 15:45,41.87646356,-87.7377838
23573,JA427849,9/12/2017 3:26,075XX N SHERIDAN RD,FIRST DEGREE MURDER,GAS STATION,TRUE,FALSE,2422,24,49,1,2017,9/24/2017 15:45,42.01873434,-87.66588196
23576,JA429104,9/13/2017 0:41,023XX W MADISON ST,FIRST DEGREE MURDER,ALLEY,FALSE,FALSE,1223,12,2,28,2017,9/20/2017 15:51,41.88117946,-87.68530897
23577,JA430510,9/14/2017 10:28,071XX S CARPENTER ST,FIRST DEGREE MURDER,STREET,FALSE,FALSE,733,7,17,68,2017,9/21/2017 15:52,41.76419226,-87.65045223
23578,JA432189,9/15/2017 11:58,064XX S TALMAN AVE,FIRST DEGREE MURDER,STREET,FALSE,FALSE,825,8,15,66,2017,9/22/2017 15:51,41.77638653,-87.68966454
23579,JA432970,9/15/2017 22:17,047XX S FAIRFIELD AVE,FIRST DEGREE MURDER,STREET,FALSE,FALSE,922,9,14,58,2017,9/22/2017 15:51,41.80785725,-87.69296255
23580,JA432970,9/15/2017 22:18,047XX S FAIRFIELD AVE,FIRST DEGREE MURDER,STREET,FALSE,FALSE,922,9,14,58,2017,9/22/2017 15:51,41.80785725,-87.69296255
23581,JA432970,9/15/2017 22:19,047XX S FAIRFIELD AVE,FIRST DEGREE MURDER,STREET,FALSE,FALSE,922,9,14,58,2017,9/22/2017 15:51,41.80785725,-87.69296255
23582,JA432970,9/15/2017 22:20,047XX S FAIRFIELD AVE,FIRST DEGREE MURDER,STREET,FALSE,FALSE,922,9,14,58,2017,9/22/2017 15:51,41.80785725,-87.69296255
23583,JA434291,9/16/2017 21:12,097XX S MERRION AVE,FIRST DEGREE MURDER,STREET,TRUE,FALSE,431,4,7,51,2017,9/23/2017 15:49,41.71779197,-87.56985961
23584,JA433522,9/16/2017 10:49,025XX W 58TH ST,FIRST DEGREE MURDER,AUTO,TRUE,FALSE,824,8,16,63,2017,9/23/2017 15:49,41.78833974,-87.68705519
23585,JA434602,9/17/2017 3:14,075XX S SOUTH SHORE DR,FIRST DEGREE MURDER,STREET,FALSE,FALSE,421,4,7,43,2017,9/24/2017 15:46,41.76015578,-87.55675291
23586,JA434593,9/17/2017 3:40,005XX N LECLAIRE AVE,FIRST DEGREE MURDER,STREET,FALSE,FALSE,1532,15,28,25,2017,9/24/2017 15:46,41.88996893,-87.75297337
23587,JA435313,9/17/2017 17:00,024XX S WESTERN AVE,FIRST DEGREE MURDER,AUTO,FALSE,FALSE,1034,10,25,31,2017,9/24/2017 15:46,41.84817284,-87.68553208
23588,JA435558,9/17/2017 20:35,060XX S RICHMOND ST,FIRST DEGREE MURDER,STREET,FALSE,FALSE,823,8,15,66,2017,9/24/2017 15:46,41.78356902,-87.69717519
23589,JA435701,9/18/2017 0:20,101XX S RACINE AVE,FIRST DEGREE MURDER,AUTO,FALSE,FALSE,2232,22,34,73,2017,9/25/2017 15:57,41.7098761,-87.65263884
23590,JA437161,9/18/2017 23:30,029XX S ARCH ST,FIRST DEGREE MURDER,HALLWAY,FALSE,FALSE,913,9,11,60,2017,9/25/2017 15:57,41.83977313,-87.65844939
23591,JA438471,9/19/2017 21:53,097XX S GREEN ST,FIRST DEGREE MURDER,PORCH,FALSE,FALSE,2223,22,21,73,2017,9/26/2017 15:52,41.7167119,-87.64429984
23592,JA440034,9/21/2017 1:25,030XX W 51ST ST,FIRST DEGREE MURDER,STREET,FALSE,FALSE,923,9,14,63,2017,9/28/2017 15:48,41.80087454,-87.70066061
23593,JA440584,9/21/2017 12:39,058XX W CORTLAND ST,FIRST DEGREE MURDER,STREET,FALSE,FALSE,2531,25,29,25,2017,9/28/2017 15:48,41.91428445,-87.77205663
23594,JA441464,9/22/2017 0:24,048XX W QUINCY ST,FIRST DEGREE MURDER,STREET,FALSE,FALSE,1533,15,28,25,2017,9/29/2017 15:49,41.87768464,-87.7457553
23595,JA442596,9/22/2017 20:36,133XX S TORRENCE AVE,FIRST DEGREE MURDER,AUTO,FALSE,FALSE,434,4,10,55,2017,9/29/2017 15:49,41.65306216,-87.5592994
